"country";"iso3";"unit";"2014-01-01";"2014-02-01";"2014-03-01";"2014-04-01";"2014-05-01";"2014-06-01";"2014-07-01";"2014-08-01";"2014-09-01";"2014-10-01";"2014-11-01";"2014-12-01";"2015-01-01";"2015-02-01";"2015-03-01";"2015-04-01";"2015-05-01";"2015-06-01";"2015-07-01";"2015-08-01";"2015-09-01";"2015-10-01";"2015-11-01";"2015-12-01";"2016-01-01";"2016-02-01";"2016-03-01";"2016-04-01";"2016-05-01";"2016-06-01";"2016-07-01";"2016-08-01";"2016-09-01";"2016-10-01";"2016-11-01";"2016-12-01";"2017-01-01";"2017-02-01";"2017-03-01";"2017-04-01";"2017-05-01";"2017-06-01";"2017-07-01";"2017-08-01";"2017-09-01";"2017-10-01";"2017-11-01";"2017-12-01";"2018-01-01";"2018-02-01";"2018-03-01";"2018-04-01";"2018-05-01";"2018-06-01";"2018-07-01";"2018-08-01";"2018-09-01";"2018-10-01";"2018-11-01";"2018-12-01";"2019-01-01";"2019-02-01";"2019-03-01";"2019-04-01";"2019-05-01";"2019-06-01";"2019-07-01";"2019-08-01";"2019-09-01";"2019-10-01";"2019-11-01";"2019-12-01";"2020-01-01";"2020-02-01";"2020-03-01";"2020-04-01";"2020-05-01";"2020-06-01";"2020-07-01"
"США";"USA";"тыс. чел.";145150;145134;145648;145667;145825;146247;146399;146530;146778;147427;147404;147615;148145;148045;148128;148511;148817;148816;148830;149181;148826;149246;149463;150128;150621;150908;151157;151006;151119;151187;151465;151770;151850;151907;152063;152216;152129;152368;152978;153224;153001;153299;153471;153593;154371;153779;153813;153977;154486;155142;155191;155324;155665;155750;155993;155601;156032;156482;156628;156825;156627;156866;156741;156696;156844;157148;157346;157895;158298;158544;158536;158803;158714;158759;155772;133403;137242;142182;NA
"Бразилия";"BRA";"тыс. чел.";90939,814025076;91214,3029000222;91333,6785938236;91449,7313223817;91536,2058003417;91590,0823282339;91492,7932914633;91513,8851324996;91730,0220513562;91836,4321379389;91801,2795726081;91865,1028574493;92043,2087465639;92066,9359424436;92136,4741869845;92107,7975207122;91856,718032146;91766,5893193345;91737,5350178038;91677,9644969218;91551,7356623841;91530,1916426949;91251,0686255526;91240,6369417758;91017,2332564302;90976,3025515519;90851,1702670671;90670,1199133157;90660,664239228;90404,110975194;90050,6872811574;89684,8546840482;89299,5288801066;89169,3473054967;89298,7656503449;89304,4919654224;89329,3944193997;89306,6631186542;89295,4730028447;89401,6100413608;89617,6087075276;89927,9936810975;90279,5570793299;90611,5426639138;90741,5206550556;90820,5474097805;91018,5247827491;91167,9283862724;91232,280096073;91150,5341209631;91034,3050102736;90998,2931784542;90917,9467575536;91026,7698534359;91325,2428955776;91682,7961631773;92083,6263007732;92214,3324718255;92292,5738371649;92139,777167008;92169,7970308673;92296,3594370097;92638,7094122899;92941,7890882415;93260,419379523;93414,3786437579;93523,4404563196;93514,5904193419;93549,6100507091;93644,9900922928;93795,7065090862;93953,5003638604;94043,0604378141;94135,6851462622;93007,7927372421;89816,9208395078;86247,3950719643;NA;NA
"Россия";"RUS";"тыс. чел.";71425,2573361902;71543,1924384391;71520,9147376007;71490,8234119816;71416,5069198851;71605,2961905621;71515,1016987627;71518,6463842031;71485,1944057051;71762,5935027634;71701,4240579955;71608,6646857177;72822,3182429256;72022,184122325;72078,2193694922;72092,2911404142;72518,6654287463;72133,609739471;72401,9889367773;72341,0752645415;72368,1265393263;72288,0368637144;72227,724772806;72334,152412757;72208,4685494582;72263,3549660705;72125,1148310093;72314,8628182544;72244,2296861288;72524,1467199327;72557,7410938491;72558,1212312501;72503,1314253409;72299,9432945584;72504,545427558;72578,5092677556;72577,1744887257;72162,8260162146;72394,3657871166;72364,8984748302;72255,7605589848;72267,4312550573;72181,8874595148;72250,2308382252;72375,7079561551;72529,2635340074;72278,3171192336;72352,5492344113;72601,0017179104;72612,9497129361;72655,038010213;72782,5129707244;72786,5389267553;72553,4018432768;72425,5695537562;72580,9595959974;72565,6998460894;72271,0257783274;72198,0730085748;72207,0887499817;71859,2135272114;72073,29429754;71834,6924058486;72060,8304582855;72068,8637360789;72117,7722060221;72052,2258339498;71824,7811100753;71720,3169207003;71812,1360866918;72005,9077648024;71795,5355747333;71780,6200361578;71543,0272073102;71568,6913915203;71035,4465909598;70816,139510853;NA;NA
"Индия";"IND";"тыс. чел.";NA;NA;NA;NA;NA;NA;NA;NA;NA;NA;NA;NA;NA;NA;NA;NA;NA;NA;NA;NA;NA;NA;NA;NA;NA;NA;NA;NA;NA;NA;NA;NA;NA;NA;NA;NA;NA;NA;NA;NA;NA;NA;NA;NA;NA;NA;NA;NA;NA;NA;NA;NA;NA;NA;NA;NA;NA;NA;NA;NA;NA;NA;NA;NA;NA;NA;NA;NA;NA;NA;NA;NA;NA;NA;NA;NA;NA;NA;NA
"Великобритания";"GBR";"тыс. чел.";30369,5244646979;30453,0741447001;30476,6488545583;30566,5218403882;30650,8661330476;30664,3471210261;30707,4895543791;30806,6569213717;30842,7560797443;30876,4669998479;30890,3861715291;30972,0315875722;30996,8907645333;31055,3056564433;31092,208359754;31115,5570856529;31090,1913036422;31158,5224290086;31232,8080287572;31276,3113069234;31349,2971994824;31416,3087650332;31475,0938614817;31512,8470953595;31530,6923655046;31548,8584181719;31571,1755679416;31612,7023441901;31689,3820508286;31709,7914191075;31740,0205680195;31802,1919109077;31816,9340635117;31817,3206502863;31823,0910567717;31879,9912972814;31877,0612356995;31885,8930887857;31939,9809191659;31952,3923791999;31984,9111999414;32022,990354632;32079,9287230904;32107,2894142395;32109,6629670143;32131,9955094038;32213,81934738;32194,0636439853;32242,8905916822;32249,4046858862;32304,4495455228;32340,523189686;32363,1193472293;32372,6086102776;32414,1840452752;32473,1244813656;32498,8684347417;32537,4865062603;32555,1524606746;32611,136062579;32656,8596392324;32655,8330045105;32650,8902579077;32718,3492435287;32726,651222048;32774,887429862;32790,7442266544;32799,5199832675;32837,8556276099;32849,8886975335;32913,9189103104;32933,4953050717;32963,1339056213;32982,9562331663;33050,4150271795;32990,387123229;32300,0205567287;NA;NA
"Испания";"ESP";"тыс. чел.";17095,9747666121;17131,6309111167;17187,6310029425;17262,7337697216;17276,903430668;17363,7630807682;17333,2540373697;17423,7037072904;17419,6086749969;17466,7986786398;17511,6532670578;17559,0944900271;17587,2616237651;17620,2360857971;17686,3209025874;17750,5772008683;17766,6614174482;17819,6103203317;17861,329539407;17896,7377508946;17984,2559971962;17969,0301223964;18062,7915592737;18154,7604401079;18169,5265995795;18258,86919437;18221,1413456285;18222,8182250366;18248,4542030707;18282,4094920359;18318,9261847339;18417,4729154971;18401,7768350904;18406,6145853067;18422,2290248596;18486,6927027654;18591,0656337842;18604,546407968;18691,7779001853;18676,1787656799;18756,1265754168;18780,9590006069;18889,6814926672;18890,5090076883;18915,7247416338;18966,5209556775;18991,334457624;19006,1471993471;19083,3680845237;19041,4573876558;19148,9784694016;19219,587904677;19248,8677484542;19352,0079589434;19356,2147284573;19362,5539620522;19421,7201560568;19511,5100387022;19516,5067411455;19495,513612924;19574,6596758011;19648,6661732779;19676,0424046493;19763,0572787943;19732,6502071543;19683,7157131303;19760,2147148726;19748,1394717461;19827,3112787055;19879,4772200163;19913,8794859829;19929,7229876006;19836,4802188856;19900,0641620101;19851,698694314;19826,1722658346;19955,6279897631;NA;NA
"Италия";"ITA";"тыс. чел.";22111,4447068098;22205,2956268679;22335,973169616;22116,1755795948;22267,7155024426;22303,0297509452;22312,9815792066;22221,6979092987;22328,0109861406;22389,4714931995;22290,4994621841;22419,3637921744;22370,4914630069;22398,686937172;22327,8846061275;22453,0948023923;22362,5616077075;22372,6642329658;22484,7048738327;22574,6224753683;22531,6301603056;22558,0776613228;22566,1652579609;22576,282710166;22701,8769562072;22525,5667898831;22637,4119216642;22754,2463235145;22767,5481068939;22828,1115743084;22763,6172062716;22743,827245882;22806,6935121732;22809,1207330446;22848,0165550587;22887,9735917495;22970,5795130325;23007,6279939613;22913,3518917352;22989,459354058;22859,0719881849;22926,1581383237;23057,7583229239;23043,7479880376;23120,7868124931;23095,9242338925;23190,5496969569;23054,6680465681;23041,4917734707;23128,6797484265;23202,4669065921;23212,441973128;23333,1148097538;23271,1742861584;23168,5613055098;23261,9507010399;23222,3896480916;23221,6922169402;23174,0557132659;23250,9681799334;23218,0449670765;23271,5724725911;23421,2488059014;23318,3936940253;23350,8450392176;23378,5256934934;23372,8934091776;23398,0837966527;23332,1288536082;23366,9107537723;23459,2493618469;23400,6020758022;23410,0248936964;23406,2917473864;23239,9191926743;22618,4108205997;22677,1385048594;NA;NA
"Перу";"PER";"тыс. чел.";4689,90386974408;4688,24871487922;4688,56622833624;4686,20846884132;4685,31109635521;4686,29438582951;4685,97227945683;4686,53772401363;4681,89715094798;4678,13100811596;4677,78061110462;4675,82771888066;4676,62197102227;4689,52409494722;4686,78531567535;4698,4627580523;4713,58981533141;4730,0288481575;4739,85731485401;4748,14828315503;4771,94989722835;4782,54577582464;4785,3252513037;4786,29334276156;4809,73345647894;4820,49911351394;4826,79738108314;4820,33728536072;4818,79690301104;4802,98399240772;4804,42996938626;4808,33532787222;4826,29735415151;4833,57215248547;4847,57577942795;4857,02621877794;4856,97429274579;4852,83732443983;4860,59920776418;4868,85795697213;4870,30779841764;4876,73596054265;4952,58019131754;4954,05989750223;4940,74444871299;4871,40566798823;4878,24678191699;4882,92312316094;4897,67344589887;4898,89259537341;4908,53091255903;4924,4738412729;4917,7914024597;4932,32681006722;4943,30004609079;4952,55655294503;4943,63751442378;4959,49928870282;4944,56236868907;4934,66420576628;4912,88715295635;4919,21861841384;4925,41271372621;4930,95103539595;4952,21230868931;4958,21648562342;4960,78908501409;4967,03852427814;4982,4825005899;4981,14169210352;5004,30761434961;5033,15175165739;5049,11396043811;4908,04860446832;3681,31563838388;3684,71929138927;2568,06089470487;NA;NA
"Германия";"DEU";"тыс. чел.";39482,5046901872;39857,4672139202;39394,6061340345;39978,8799885471;39830,0325539749;39904,1957426156;39471,8934193771;40015,2013914301;39306,593034221;39835,5237144107;39891,5814370048;40420,2893029966;40012,864138481;39629,5662917371;40554,7976759869;39725,1886624454;40277,4371253507;40188,7740375387;39729,0803771511;40385,5285498104;39850,23584446;40069,5270665342;41024,1122291825;40209,2576937878;40527,2759353725;40859,5140501408;40689,1166488181;41174,9815502609;40888,3683000303;41138,6826015216;41297,3542274808;41253,9417266399;41782,2942915522;41614,962737166;41196,6317743756;41642,9800905529;41488,3056419132;41585,4387678273;40931,4680826685;41494,1559777514;41743,0536825184;41588,6019367057;42103,9800117072;41339,8140833667;42349,7006595122;41234,5516040184;41269,4398692461;41176,0580497811;41245,0330237904;41609,5422725997;42039,1347275881;41999,5898134489;41782,2110695791;40997,4457440335;42203,0470447961;41773,0194568354;41382,1473600994;42111,7991704518;42190,6244034736;41235,7848202583;41864,0779594772;41670,7930035207;42039,1244300084;41876,8072418337;42261,7561444312;42667,7363885644;41952,8592516406;42180,274634587;42587,3737560881;42596,7301437111;42100,930065123;43258,8369742891;43148,0726779683;42818,3983337293;42664,1592254582;42326,8777399522;42065,1957371239;NA;NA
"Иран";"IRN";"тыс. чел.";NA;NA;NA;NA;NA;NA;NA;NA;NA;NA;NA;NA;NA;NA;NA;NA;NA;NA;NA;NA;NA;NA;NA;NA;NA;NA;NA;NA;NA;NA;NA;NA;NA;NA;NA;NA;NA;NA;NA;NA;NA;NA;NA;NA;NA;NA;NA;NA;NA;NA;NA;NA;NA;NA;NA;NA;NA;NA;NA;NA;NA;NA;NA;NA;NA;NA;NA;NA;NA;NA;NA;NA;NA;NA;NA;NA;NA;NA;NA
"Турция";"TUR";"тыс. чел.";25351,556138794;25578,7519360957;25716,6539223855;25775,3104613406;25841,8506128069;25901,2373226515;25885,0825775083;25989,9033649467;25992,6512453508;26163,8505818354;26196,6609592093;26284,5389287662;26302,9240201334;26244,8095574101;26220,3468064075;26322,0370737744;26464,7379794478;26639,3316042277;26794,1758625546;26797,2768300588;26895,9484727066;26868,308710633;26959,4660646233;27059,6590633055;27087,636811049;27110,5666862318;27217,0885190436;27275,2582179977;27281,7439426681;27106,5551154281;27151,1696244652;27127,6259956606;27273,3843059055;27254,7263310775;27326,7839843554;27309,3236145241;27507,3645186964;27630,2690796208;27764,4286207812;27894,6285235884;28036,6634262861;28184,9814461844;28267,7504801261;28383,694371427;28443,7279136572;28513,4400415896;28642,9819573958;28805,4896646262;28813,1165838018;28828,6328478542;28824,3742394457;28877,2768881045;28884,2736570697;28883,1702613064;28807,1906054983;28802,7383644147;28633,061335316;28566,7235693528;28288,794543446;28084,5056113648;27894,06802374;28004,2132699695;28196,7130163043;28288,973243946;28360,5304515026;28342,5568690952;28237,0950329772;28100,6448444209;27997,3766311234;27878,139703387;27814,3906146698;27644,2849059082;27471,955075444;27023,2293573193;26447,5702941022;25895,2196007679;25375,2606111703;NA;NA
"Франция";"FRA";"тыс. чел.";26372,8594325955;26314,8838765882;26373,4021575015;26334,9125190879;26396,9560749967;26353,2523621928;26413,7372909749;26347,8018965173;26351,3315678201;26322,3849502395;26336,9399967384;26273,1772000255;26327,682917268;26359,8491011507;26268,7124854645;26403,1831855228;26429,2102660727;26467,513430383;26451,4963089245;26436,8989042529;26551,7462845556;26521,0968213428;26418,0030699044;26510,4643219777;26468,0508997303;26512,1844726186;26592,7425270378;26552,6448439582;26502,1535451546;26604,0679195603;26628,1184099603;26649,9981670892;26608,7033156031;26648,1288668304;26670,7069708246;26565,7913274053;26617,0390254506;26659,6733406953;26597,1851583208;26715,3869907821;26880,6440771907;26787,4625407031;26818,9830652129;26821,6863515333;26793,205987314;26871,9454817335;26859,195462208;26925,4262925242;26887,85377333;26890,8313807546;27009,1135881095;27032,4009684765;27029,684125004;27106,6705221724;27013,9013257513;27086,7290568189;27116,918381937;27028,401393323;27091,6071530845;27103,8493586367;27095,4412585537;27081,6151702573;27155,196712454;27047,9170591379;27120,362660748;27175,5580755285;27121,244710721;27133,7984103624;27198,6332320803;27227,539378821;27256,9965137318;27288,5483878022;27278,007129693;27312,3912968088;27345,3178248025;27464,2220325596;27484,2268543403;NA;NA
"Чили";"CHL";"тыс. чел.";8156,69059735635;8154,43859150298;8176,73453167275;8172,25316182353;8156,07469780305;8144,86234039126;8111,5183629648;8120,87463399923;8161,06710331589;8177,79285005149;8173,0678514951;8175,17146278629;8215,17876379322;8230,44381893656;8227,39753710594;8228,07770789346;8249,53605022526;8282,40862748567;8317,02725240912;8334,18805034118;8335,18850730909;8327,67948794671;8353,63221474063;8368,08016563319;8367,50954807284;8397,00672576655;8375,08837370302;8364,88018491543;8373,05729157558;8397,81078422579;8396,7320657286;8413,95927680666;8416,84199760565;8433,77023962956;8427,58697438408;8448,8511728284;8437,79188915193;8482,69780554841;8498,76539608054;8548,06344697182;8561,48522404461;8598,97819740698;8637,02642490369;8648,66904993572;8644,10861563928;8681,07002361024;8695,54302362386;8706,50693383723;8740,88743648347;8757,33548339349;8778,23172409943;8781,2180700646;8792,89472195476;8768,60394508701;8772,43824862625;8746,48340156414;8793,52779049727;8799,09409369173;8841,12339512089;8840,53422006254;8861,44613020254;8877,36976518565;8911,45311985481;8941,55697470361;8959,95190498815;8968,71008818429;8995,00579227757;9033,94801888852;9015,76282230139;9015,46466737206;9012,29254908101;9032,47681995197;9017,18183655537;8977,16331844331;8233,08473121935;7466,80727459244;7489,62659904771;NA;NA
"Мексика";"MEX";"тыс. чел.";49441,2;49441,2;49441,2;49242,5;49242,5;49242,5;49363,4;49363,4;49363,4;49614,5;49614,5;49614,5;50173,2;50173,2;50173,2;50281,8;50281,8;50281,8;50643,9;50643,9;50643,9;51346,5;51346,5;51346,5;51213,6;51213,6;51213,6;51358,2;51358,2;51358,2;51933,4;51933,4;51933,4;51873,8;51873,8;51873,8;52257,7;52257,7;52257,7;52142,9;52142,9;52142,9;52330,8;52330,8;52330,8;52631,6;52631,6;52631,6;53286,7;53286,7;53286,7;53722,9;53722,9;53722,9;53908,5;53908,5;53908,5;53966,8;53966,8;53966,8;54549,1;54549,1;54549,1;54872,2;54872,2;54872,2;55104,4;55104,4;55104,4;55448,6;55448,6;55448,6;55844,1;55844,1;55844,1;NA;NA;NA;NA
"Пакистан";"PAK";"тыс. чел.";NA;NA;NA;NA;NA;NA;NA;NA;NA;NA;NA;NA;NA;NA;NA;NA;NA;NA;NA;NA;NA;NA;NA;NA;NA;NA;NA;NA;NA;NA;NA;NA;NA;NA;NA;NA;NA;NA;NA;NA;NA;NA;NA;NA;NA;NA;NA;NA;NA;NA;NA;NA;NA;NA;NA;NA;NA;NA;NA;NA;NA;NA;NA;NA;NA;NA;NA;NA;NA;NA;NA;NA;NA;NA;NA;NA;NA;NA;NA
"Саудовская Аравия";"SAU";"тыс. чел.";NA;NA;NA;NA;NA;NA;NA;NA;NA;NA;NA;NA;NA;NA;NA;NA;NA;NA;NA;NA;NA;NA;NA;NA;NA;NA;NA;NA;NA;NA;NA;NA;NA;NA;NA;NA;NA;NA;NA;NA;NA;NA;NA;NA;NA;NA;NA;NA;NA;NA;NA;NA;NA;NA;NA;NA;NA;NA;NA;NA;NA;NA;NA;NA;NA;NA;NA;NA;NA;NA;NA;NA;NA;NA;NA;NA;NA;NA;NA
"Канада";"CAN";"тыс. чел.";17732,9469018139;17755,7544291012;17781,6944921159;17775,4670875779;17738,435585185;17789,9746546123;17824,3190244187;17828,2498827682;17837,6890079607;17866,6142675912;17865,5207570463;17829,6329888372;17864,1474756589;17871,3555032039;17864,2959381323;17895,9670718843;17924,531624071;17962,6741128112;17987,2204623712;18019,2512533147;17991,2894504541;18012,3166297173;17987,5215277757;17978,7299162185;17986,0464020621;17986,4544843953;18016,8949247847;18022,2652900319;18072,7271235304;18058,6752648695;18048,5246472596;18087,0567500318;18134,6921829605;18174,7222183143;18174,0225925618;18196,7246039466;18280,2445160277;18282,1513302978;18308,5925736598;18295,061378714;18389,023974123;18417,3760130393;18445,7266486277;18465,6616231074;18447,3943366752;18480,028717187;18561,4233132184;18624,1194363012;18555,4441431546;18562,9479648663;18607,6903413439;18615,7547303853;18599,121951873;18626,8778811536;18680,8301375022;18629,5660585272;18676,4944884463;18689,2336186179;18814,4278252484;18832,0196343203;18893,9455110142;18951,3449107055;18954,9890118676;19050,4484974787;19051,9186856758;19040,9778652782;19030,7322696956;19108,3655332024;19171,3900584844;19156,8330105691;19097,6318961002;19160,1212953319;19162,7478266975;19206,4447743137;18146,8897801667;16209,4476865247;16445,918331529;17427,4;NA
"Китай";"CHN";"тыс. чел.";NA;NA;NA;NA;NA;NA;NA;NA;NA;NA;NA;NA;NA;NA;NA;NA;NA;NA;NA;NA;NA;NA;NA;NA;NA;NA;NA;NA;NA;NA;NA;NA;NA;NA;NA;NA;NA;NA;NA;NA;NA;NA;NA;NA;NA;NA;NA;NA;NA;NA;NA;NA;NA;NA;NA;NA;NA;NA;NA;NA;NA;NA;NA;NA;NA;NA;NA;NA;NA;NA;NA;NA;NA;NA;NA;NA;NA;NA;NA
"Бангладеш";"BGD";"тыс. чел.";NA;NA;NA;NA;NA;NA;NA;NA;NA;NA;NA;NA;NA;NA;NA;NA;NA;NA;NA;NA;NA;NA;NA;NA;NA;NA;NA;NA;NA;NA;NA;NA;NA;NA;NA;NA;NA;NA;NA;NA;NA;NA;NA;NA;NA;NA;NA;NA;NA;NA;NA;NA;NA;NA;NA;NA;NA;NA;NA;NA;NA;NA;NA;NA;NA;NA;NA;NA;NA;NA;NA;NA;NA;NA;NA;NA;NA;NA;NA
"Бельгия";"BEL";"тыс. чел.";4519;4523;4496;4525;4561;4516;4523;4555;4570;4549;4575;4538;4586;4529;4508;4527;4519;4516;4534;4534;4590;4570;4575;4529;4496;4519;4500;4550;4535;4539;4538;4566;4608;4635;4710;4648;4615;4575;4571;4572;4584;4660;4617;4617;4663;4665;4715;4705;4690;4726;4726;4670;4680;4705;4772;4801;4798;4831;4781;4798;4798;4771;4811;4794;4842;4831;4870;4818;4806;4886;4875;4813;4875;4764;4801;4824;4771;NA;NA
"Южная Африка";"ZAF";"тыс. чел.";15255,5;15255,5;15255,5;15322,5;15322,5;15322,5;15315,1;15315,1;15315,1;15445,8;15445,8;15445,8;3903,7;3903,7;3903,7;3990,5;3990,5;3990,5;4001,1;4001,1;4001,1;3989,8;3989,8;3989,8;15838,1;15838,1;15838,1;15854,9;15854,9;15854,9;16035,8;16035,8;16035,8;16207,6;16207,6;16207,6;16313,8;16313,8;16313,8;16354,9;16354,9;16354,9;16411,6;16411,6;16411,6;16381,5;16381,5;16381,5;16543,4;16543,4;16543,4;16550,1;16550,1;16550,1;16592,4;16592,4;16592,4;16679,1;16679,1;16679,1;16551,6;16551,6;16551,6;16589,7;16589,7;16589,7;16581,8;16581,8;16581,8;16570,8;16570,8;16570,8;NA;NA;NA;NA;NA;NA;NA
"Белоруссия";"BLR";"тыс. чел.";4578,65472303221;4574,31292749448;4570,57322011764;4561,0103409682;4553,57528023568;4545,93894784993;4547,23349763776;4541,78535928632;4538,24436968343;4534,06513615855;4532,53497677178;4527,81622230269;4522,35412744865;4515,53219077484;4507,34571904576;4508,20319845705;4500,83040748886;4494,9978449453;4495,18158979066;4491,64288217873;4489,0493789753;4483,6667970017;4474,80236002762;4467,86134611694;4455,55347739687;4443,2556511203;4430,83296482733;4421,8913911066;4415,99733370179;4408,45816797109;4399,08584059181;4392,15731929187;4386,46032910856;4378,18008279572;4371,9227821136;4364,13971432846;4363,4528415017;4356,88360470328;4356,71706516557;4359,18245624727;4360,44435734546;4359,62244496932;4351,83858117387;4355,00013469891;4347,76479694815;4346,84383938562;4343,65623534962;4342,55628306317;4342,25279324527;4342,08786552665;4340,23499200192;4338,77929780848;4343,69823032529;4343,57773628681;4340,62741067462;4336,22219750236;4334,26675339895;4331,57512219071;4331,17115401685;4330,96510989691;4330,35272172532;4331,5906176179;4333,54159786949;4338,27881261599;4335,27529932814;4335,75626675711;4333,22027109786;4329,13088114888;4329,26767068335;4329,97858780172;4329,77288126924;4330,26553380907;4329,45249660535;4333,2893005225;4332,94136525815;4320,57632568063;4314,01740599593;NA;NA
"Швеция";"SWE";"тыс. чел.";4185,30320984343;4195,88625268355;4204,7949333625;4203,48934411896;4216,23419781451;4242,75108367631;4250,04402969745;4235,75549761756;4256,40681665732;4248,7620955799;4250,85980484026;4252,1897014629;4265,8399875031;4260,27390356461;4280,20334152004;4286,65133418664;4288,14592542333;4265,17001836857;4296,79409462768;4324,03002533583;4306,20316041742;4329,92433744535;4334,48037134312;4351,1355098932;4350,79283993268;4362,27070091492;4345,78253958433;4365,5076655854;4389,46871587569;4399,48521879147;4381,20591296629;4373,31701708255;4397,11034579946;4405,07586803309;4422,36428509359;4420,35292427782;4433,69026721139;4439,1563928626;4469,6038534048;4475,24051299682;4450,74581980277;4484,9934159427;4496,14665230038;4513,98312564185;4528,90934037681;4525,04684851085;4523,88934064548;4536,21206929113;4545,8762884331;4562,44882969301;4558,45269783024;4558,20942792825;4587,68285331981;4566,149394017;4583,54861650584;4566,42978462974;4548,93393826625;4577,54978981591;4557,33628271922;4574,58746517381;4584,06393378782;4564,75540295704;4577,82820630258;4596,79512202277;4578,06603104687;4587,75601452212;4566,48902814556;4591,56440083211;4601,8346603037;4572,47505685851;4603,91278940437;4576,46481388996;4554,95145373472;4574,8857966711;4547,5720356974;4520,47373369797;4529,23266180933;NA;NA
"Нидерланды";"NLD";"тыс. чел.";8174,73398209891;8182,77230960309;8183,27676848552;8190,84378287214;8202,44239794827;8206,81991182634;8218,72333932376;8226,09849360483;8232,69524511061;8246,76749211008;8253,78503298143;8256,82030167912;8265,10548791861;8269,61697989438;8279,90118574204;8280,34658564882;8288,51986769198;8293,77609359534;8293,94982263465;8300,21654128641;8303,20044699743;8303,76233853309;8311,87140176641;8320,87954107574;8325,2282880679;8340,89671146443;8346,71844470361;8371,33884079654;8376,18000953384;8391,79636695995;8406,54079511756;8422,57045085871;8437,49302127478;8455,21733916894;8465,20412809225;8487,22980833298;8501,48641057151;8510,58958684671;8531,60741662197;8539,12146998452;8554,35355781485;8570,15128394353;8589,08407198093;8599,71937324217;8615,80710550501;8630,70859733338;8648,03851939863;8659,30754782549;8677,89364233023;8694,31080149843;8713,41052786247;8728,98899119492;8750,31083320681;8766,2752083345;8781,34227587674;8805,27868185666;8820,86300532058;8832,45750118676;8858,21627951503;8866,14576525185;8879,273713208;8898,64761867168;8913,34091643777;8924,92978579066;8942,66795365246;8954,84902014538;8965,51949364295;8972,71163169977;8982,21539143735;8996,41319865202;8998,04490079091;9014,51230017451;9022,5732932662;9027,96871959632;9030,76587735184;8874,93735208522;8875,27591608389;NA;NA
"Колумбия";"COL";"тыс. чел.";21365,4657047869;21223,9494615775;21147,9902562193;21421,093223902;21422,9891229207;21390,8962177868;21484,8458288695;21640,7168804168;21854,7270953181;21751,9357848618;21780,4678374544;21620,3624775484;21817,8037594261;21939,5014654581;22070,4855490989;22080,9527730895;21916,4873119748;21954,3164125166;22059,8760503563;21878,9684237087;21976,4084152439;22153,6675327405;22262,131049088;22161,272148961;22107,7931700883;22189,5873394911;21869,3312068909;22123,7390058711;22036,4415232239;22114,1400934573;21936,272574105;22169,4376471763;22276,414029257;22260,7147316574;22371,8971406575;22226,9000739078;22249,3971506827;22430,6000975985;22350,5976762366;22554,0457188741;22348,8559103258;22624,2754532098;22317,2362162022;22388,3352057065;22376,4397502125;22329,1348762994;22291,3847813519;22382,9918964974;22403,3899844706;22379,177240285;22446,9824500393;22552,5156713208;22571,9040839511;22424,5674266731;22573,4701655813;22544,1191532855;22675,3102128406;22410,5064458904;21906,4213611759;22663,053701123;22475,3352615277;22591,7452140291;22474,8802494267;21780,3776256755;22302,965907294;22379,078134148;22371,9169684203;21973,2982635335;22210,372177635;22169,9498187503;22307,2570255659;22475,7502456563;22367,8432365001;22261,1571875979;20876,7901545361;16437,9203979394;17345,5973444388;NA;NA
"Эквадор";"ECU";"тыс. чел.";NA;NA;NA;NA;NA;NA;NA;NA;NA;NA;NA;NA;NA;NA;NA;NA;NA;NA;NA;NA;NA;NA;NA;NA;NA;NA;NA;NA;NA;NA;NA;NA;NA;NA;NA;NA;NA;NA;NA;NA;NA;NA;NA;NA;NA;NA;NA;NA;NA;NA;NA;NA;NA;NA;NA;NA;NA;NA;NA;NA;NA;NA;NA;NA;NA;NA;NA;NA;NA;NA;NA;NA;NA;NA;NA;NA;NA;NA;NA
"Египет";"EGY";"тыс. чел.";24140;24140;24140;24367;24367;24367;24280,8;24280,8;24280,8;24174,3;24174,3;24174,3;24640,8;24640,8;24640,8;24525,9;24525,9;24525,9;24905,3;24905,3;24905,3;25221,8;25221,8;25221,8;25370,1;25370,1;25370,1;25545,8;25545,8;25545,8;25489,7;25489,7;25489,7;25483,9;25483,9;25483,9;25483,9;25483,9;25483,9;25761,4;25761,4;25761,4;25808,4;25808,4;25808,4;26346,4;26346,4;26346,4;26131,1;26131,1;26131,1;26211,5;26211,5;26211,5;26171,5;26171,5;26171,5;25812,5;25812,5;25812,5;NA;NA;NA;NA;NA;NA;NA;NA;NA;NA;NA;NA;NA;NA;NA;NA;NA;NA;NA
"Португалия";"PRT";"тыс. чел.";4373,76929093166;4382,28992779611;4404,14118565323;4419,62723853832;4426,89774505008;4441,8548257387;4449,3022067078;4462,61758541614;4459,39179416618;4437,77776255442;4433,93073037909;4418,41156804895;4416,30415198187;4433,23903604185;4459,905868341;4467,60806686779;4497,13714576382;4500,84300015955;4497,60503781407;4487,09628436428;4481,26792910596;4491,63174665247;4500,66724192607;4480,88478330566;4479,46357280979;4477,13207413936;4488,22363106087;4513,19095372874;4530,40000672679;4556,36638577415;4577,75022244007;4578,30839004629;4572,19450697903;4585,32830648232;4583,33385822959;4594,03723862343;4596,63692234409;4623,62986070644;4648,93831241433;4669,07366087878;4682,32585965361;4695,76547987875;4715,8665446241;4717,99654724739;4719,26561689813;4730,52497070864;4748,52195457651;4759,26428442465;4761,18072572075;4769,42397881043;4775,06884119429;4792,09385759964;4802,43460993162;4830,80641765373;4820,28152985792;4814,88287926483;4816,6475424549;4820,70081489105;4818,3154569173;4828,95468241917;4829,67181189367;4833,59572586797;4833,29029238956;4841,84700136483;4848,33228822741;4849,48340626458;4858,37568658249;4869,49045766599;4871,66394267985;4866,04449731275;4850,6976156166;4831,16561610394;4834,05124912795;4821,5342975358;4807,8135891923;4754,8356333985;4657,9700812123;NA;NA
"Индонезия";"IDN";"тыс. чел.";NA;NA;NA;NA;NA;NA;NA;NA;NA;NA;NA;NA;NA;NA;NA;NA;NA;NA;NA;NA;NA;NA;NA;NA;NA;NA;NA;NA;NA;NA;NA;NA;NA;NA;NA;NA;NA;NA;NA;NA;NA;NA;NA;NA;NA;NA;NA;NA;NA;NA;NA;NA;NA;NA;NA;NA;NA;NA;NA;NA;NA;NA;NA;NA;NA;NA;NA;NA;NA;NA;NA;NA;NA;NA;NA;NA;NA;NA;NA
"Украина";"UKR";"тыс. чел.";NA;NA;NA;NA;NA;NA;NA;NA;NA;NA;NA;NA;NA;NA;NA;NA;NA;NA;NA;NA;NA;NA;NA;NA;NA;NA;NA;NA;NA;NA;NA;NA;NA;NA;NA;NA;NA;NA;NA;NA;NA;NA;NA;NA;NA;NA;NA;NA;NA;NA;NA;NA;NA;NA;NA;NA;NA;NA;NA;NA;NA;NA;NA;NA;NA;NA;NA;NA;NA;NA;NA;NA;NA;NA;NA;NA;NA;NA;NA
"Польша";"POL";"тыс. чел.";15697,3746486634;15683,7667303155;15631,7579471808;15716,7356945939;15737,0277912728;15853,6800333751;15832,9883946452;15994,5256248656;15890,1236205108;15922,7302490776;15889,306491857;15878,4513092987;15905,2000048725;15909,2065050336;15883,9579220295;15978,4455237483;15915,0453547222;15980,3056715009;15893,2114384434;16008,7054580652;16084,0642877217;16339,7379699465;16238,1308847016;16313,0264398998;16061,0771498326;16081,2524310961;16026,671855582;16185,8728346136;16067,7201517855;16117,5822423329;15977,0183109303;16016,5600095167;16174,8237327296;16190,6913565686;16336,3031036886;16149,8582434733;16452,1749257476;16488,4160823577;16557,3723527324;16538,918483013;16477,852143379;16525,9383962247;16445,3156209784;16426,7423328627;16463,3489591852;16283,0073122968;16271,6825743661;16333,9641744011;16376,0559151855;16430,9692833659;16596,9330508145;16391,603560476;16325,2942782046;16354,331056208;16630,1996501334;16271,3760999571;16498,1943548536;16439,4952462811;16285,6343457154;16522,7579020321;16260,8203353681;16389,1134997201;16588,2349158679;16412,2085078999;16386,4359835521;16376,9186856389;16513,4686398439;16640,8755446931;16320,3814824118;16326,5188258865;16558,0173770781;16456,9213563144;16664,0698192567;16520,2700455126;16313,1948341025;16450,2687968144;16861,7317207677;NA;NA
"Аргентина";"ARG";"тыс. чел.";11048,1;11048,1;11048,1;11014,3;11014,3;11014,3;11025,2;11025,2;11025,2;11116,1;11116,1;11116,1;11109,1;11109,1;11109,1;11157,5;11157,5;11157,5;NA;NA;NA;NA;NA;NA;NA;NA;NA;11365,3;11365,3;11365,3;11394;11394;11394;11370,3;11370,3;11370,3;11414,4;11414,4;11414,4;11493,1;11493,1;11493,1;11615,8;11615,8;11615,8;11772,2;11772,2;11772,2;11747,9;11747,9;11747,9;11718,3;11718,3;11718,3;11832,4;11832,4;11832,4;11758,3;11758,3;11758,3;11912,3;11912,3;11912,3;12039,4;12039,4;12039,4;12014,5;12014,5;12014,5;12208,1;12208,1;12208,1;NA;NA;NA;NA;NA;NA;NA
"Филиппины";"PHL";"тыс. чел.";38424,3;38424,3;38424,3;38451;38451;38451;38717;38717;38717;38615,7;38615,7;38615,7;39057,9;39057,9;39057,9;39301,5;39301,5;39301,5;39769;39769;39769;40665,5;40665,5;40665,5;40787,3;40787,3;40787,3;NA;NA;NA;41315;41315;41315;39654,2;39654,2;39654,2;40273,2;40273,2;40273,2;40393,5;40393,5;40393,5;41298,9;41298,9;41298,9;41612,1;41612,1;41612,1;41076,2;41076,2;41076,2;40696,8;40696,8;40696,8;41265,4;41265,4;41265,4;41435,6;41435,6;41435,6;42184,3;42184,3;42184,3;42920,7;42920,7;42920,7;43089,2;43089,2;43089,2;43143,6;43143,6;43143,6;NA;NA;NA;NA;NA;NA;NA
"Румыния";"ROU";"тыс. чел.";8682,28523337467;8586,01620215176;8650,79429675398;8454,74131928263;8616,41676761839;8536,06874076173;8597,31263581385;8592,31580061618;8689,86325482221;8637,24026172923;8589,57178836069;8672,49174100884;8296,85982941846;8523,83316545289;8536,6717694472;8579,99386987184;8491,52232982033;8539,65405376357;8601,05107794953;8566,60445326597;8506,31636127658;8562,97501695431;8485,42961337406;8469,34908157476;8543,58362266609;8535,85055394927;8371,58702557462;8443,99750348434;8517,30275559091;8333,31575703732;8454,02602298155;8425,95400071286;8416,32108248837;8481,8707209075;8623,25471955386;8516,08315222878;8556,71066121357;8534,10772767959;8622,45579500709;8856,44761689352;8849,62504881726;8877,64985255072;8654,44444976632;8643,29150086823;8648,87219080818;8689,75714681926;8567,14414040753;8530,6200076325;8646,53948006712;8719,99458746633;8742,26375512424;8624,30940127961;8699,41159916991;8677,93789754028;8767,21914640716;8824,13670139909;8808,06916846418;8604,59781109238;8669,20859809654;8661,7200778303;8716,11556547845;8748,29423501622;8585,0999825428;8748,53085260176;8578,33995194054;8718,9724667532;8588,16331836249;8586,36218191204;8554,17818357246;8629,45431516783;8651,31123474477;8736,58515344028;8771,85739885194;8550,08813667579;8690,22409458258;8489,92863561024;8439,23690638399;NA;NA
"Израиль";"ISR";"тыс. чел.";3519,49620378132;3528,82885381398;3537,04031067076;3534,77890466937;3545,31443932227;3556,77993433593;3558,18944966329;3557,44316609582;3568,98069270348;3576,61919998781;3582,48470281613;3594,76863965802;3599,27092674024;3606,84263595747;3608,89493686333;3626,92881402046;3631,70104224768;3634,56118432811;3642,44219856351;3665,14052235821;3664,1579672278;3664,46012186397;3681,11055097304;3688,95256621405;3690,92470211023;3694,27298515455;3710,51183183049;3721,21486042298;3726,55954533373;3736,5183410759;3750,13090070076;3747,72181972579;3754,44249296508;3765,79245470382;3773,6089912664;3777,37291129119;3789,92345969207;3793,29710787385;3802,28787328914;3805,16535301434;3815,83424678958;3822,16841442836;3833,18038291707;3831,61487587065;3845,71680309077;3848,23163944685;3854,77704728095;3863,30606021807;3866,19446922269;3881,43204282246;3878,52674336661;3886,84528039924;3899,66452484056;3906,90489036716;3910,08253599281;3923,42365338307;3915,8560336276;3929,55252827706;3929,67180957119;3946,0578731173;3949,42868461223;3952,88938355514;3965,41619237518;3959,03615157986;3966,50410362569;3963,17163147763;3963,41396974773;3967,15524795733;3981,09857670065;3966,49550219343;3981,61449161474;3979,10597131466;3983,74853240277;3988,32462671561;3983,44892390504;3910,02474743687;3900,01631118313;NA;NA
"Япония";"JPN";"тыс. чел.";63412,2499489356;63469,1314836068;63537,9407508251;63593,0166413589;63670,9659471204;63681,3569885041;63735,2350338497;63765,0504360505;63804,6445178855;63827,9231607293;63858,3315709863;63894,0969729249;63852,1236811365;63931,2603201563;63924,9249238819;63947,0730162355;63969,666345425;64016,3601541976;64024,7518963953;64067,9947738361;64137,8887313605;64171,8764765431;64215,5082114221;64237,9768702141;64366,8430722622;64350,7826626452;64414,4354848343;64477,2182508857;64534,8256616843;64619,5008263152;64685,864294267;64730,7558964307;64767,4689360715;64851,304913503;64862,4754901232;64964,8979964915;64944,0657743462;65005,5039111221;65032,0337302153;65145,4094153861;65211,7910534087;65335,5931950067;65409,3569373535;65515,1389701587;65600,9347442306;65671,2424496602;65793,1618488482;65887,5670870731;66072,9154308974;66183,8676942707;66345,2210257911;66428,3492632935;66536,3776348167;66559,4928089228;66646,3287549175;66704,0017124258;66805,8060293457;66852,7519557927;66943,0917576067;66941,8595032929;66988,5372808216;67049,2557920739;67099,4892745601;67144,0995484955;67175,2699766959;67246,5315140496;67264,6793308222;67325,8024622085;67320,5736484299;67382,5525432786;67352,63402253;67403,4757405266;67358,3674954424;67373,2153432144;67353,6837088977;66516,7292824534;66527,0467040974;NA;NA
"Австрия";"AUT";"тыс. чел.";4083,89245133122;4094,14934052413;4087,27865756318;4115,97570841464;4076,71374720326;4115,72936907242;4095,34249286894;4088,41098968992;4089,81350352305;4085,93187143085;4145,44001352399;4079,00225181986;4155,40309895166;4118,18512078336;4106,13609743561;4114,6735795827;4135,56468526603;4139,00682367634;4138,35582187496;4134,78854114343;4137,106253718;4177,72958585944;4145,92307692456;4175,65964511955;4183,08686453393;4197,38736038471;4201,51573509633;4179,19020138029;4203,65701807939;4178,42608773723;4203,84149375487;4254,90707412424;4220,94930334929;4214,02338950525;4221,55396686179;4200,95872822098;4225,806511119;4216,45554133234;4217,03177355286;4241,7353530306;4222,89815445332;4232,13414651423;4268,31399468524;4250,12418912962;4284,51608102165;4259,23585322215;4265,19563542326;4288,02013854545;4247,10855428178;4309,4306767199;4315,358464368;4322,95587158807;4364,82005689473;4288,57174213492;4308,26596897618;4286,65711950925;4323,88148431408;4346,64822815121;4323,24304620452;4320,15951528608;4318,58618166082;4306,47302256991;4309,85242500595;4294,3685089961;4317,79397808277;4368,48102540959;4331,23704893863;4354,03742821649;4336,08811510556;4331,52864129405;4335,23850818208;4399,56871544397;4348,74532059153;4348,30413386623;4192,21371848374;4186,39758401892;4163,06226287546;NA;NA
"Ирак";"IRQ";"тыс. чел.";NA;NA;NA;NA;NA;NA;NA;NA;NA;NA;NA;NA;NA;NA;NA;NA;NA;NA;NA;NA;NA;NA;NA;NA;NA;NA;NA;NA;NA;NA;NA;NA;NA;NA;NA;NA;NA;NA;NA;NA;NA;NA;NA;NA;NA;NA;NA;NA;NA;NA;NA;NA;NA;NA;NA;NA;NA;NA;NA;NA;NA;NA;NA;NA;NA;NA;NA;NA;NA;NA;NA;NA;NA;NA;NA;NA;NA;NA;NA
"Армения";"ARM";"тыс. чел.";NA;NA;NA;NA;NA;NA;NA;NA;NA;NA;NA;NA;NA;NA;NA;NA;NA;NA;NA;NA;NA;NA;NA;NA;NA;NA;NA;NA;NA;NA;NA;NA;NA;NA;NA;NA;NA;NA;NA;NA;NA;NA;NA;NA;NA;NA;NA;NA;NA;NA;NA;NA;NA;NA;NA;NA;NA;NA;NA;NA;NA;NA;NA;NA;NA;NA;NA;NA;NA;NA;NA;NA;NA;NA;NA;NA;NA;NA;NA
"Нигерия";"NGA";"тыс. чел.";NA;NA;NA;NA;NA;NA;NA;NA;NA;NA;NA;NA;NA;NA;NA;NA;NA;NA;NA;NA;NA;NA;NA;NA;NA;NA;NA;NA;NA;NA;NA;NA;NA;NA;NA;NA;NA;NA;NA;NA;NA;NA;NA;NA;NA;NA;NA;NA;NA;NA;NA;NA;NA;NA;NA;NA;NA;NA;NA;NA;NA;NA;NA;NA;NA;NA;NA;NA;NA;NA;NA;NA;NA;NA;NA;NA;NA;NA;NA
"Казахстан";"KAZ";"тыс. чел.";8611,06672317585;8618,06706996099;8624,08141308725;8632,57820295475;8638,70028118499;8642,25208645455;8643,48868237393;8645,52927040306;8648,54335500597;8646,56555358825;8649,19656432657;8649,57050514836;8497,03546847175;8453,98741289178;8492,21489420976;8587,26746788804;8583,8902628105;8585,57223510654;8596,15416393878;8597,61365970632;8603,17284852752;8503,20752152558;8512,5292965923;8522,95813522642;8430,2245169022;8436,66744054066;8441,81252701203;8453,97724546203;8465,11714532887;8511,73368072077;8517,33362934798;8527,25993278824;8529,09528579652;8530,12269527234;8523,33654729204;8519,01956936452;8512,40962972931;8514,59953085514;8520,17525279505;8524,28118299819;8527,06091180582;8530,57913376117;8531,73483798983;8532,12885775939;8537,64766424951;8547,06848018968;8557,80091585207;8569,00207721263;8586,17869055274;8599,07069417172;8608,91574573204;8621,65038152951;8639,77474016736;8652,69369987083;8672,20251381182;8688,35006998063;8704,35815370962;8708,2481664383;8718,74775656589;8726,84558929089;8734,91937270045;8742,87990940653;8751,93378857877;8756,43605364756;8758,7864185249;8764,15606372633;8764,98866523259;8767,75238936988;8769,67618198643;8777,51470894508;8781,92230291477;8786,39906894622;8790,82546707287;8794,62797213193;8797,29580522801;5035,79172663852;8136,90458624754;NA;NA
"Южная Корея";"KOR";"тыс. чел.";25731,2379186978;25755,4711382112;25798,6301613393;25885,1823590435;25844,3030374198;25888,4435137255;25917,1878901973;25965,5813275479;25957,6845955445;25981,6290310469;26029,3266842821;25961,5191032046;26064,7729857396;26117,5428425967;26099,7374574877;26099,9731113196;26163,5199766123;26145,4295603225;26181,2849043451;26159,1491155403;26235,1450439598;26252,9335839667;26239,0844181945;26333,0340283664;26312,4258351682;26274,7295723197;26287,6779436141;26302,3537372436;26349,4159839333;26416,0525765429;26421,908652442;26501,1465013041;26458,1117389993;26493,9785049751;26532,759455949;26558,4248983412;26540,6553193198;26652,5805828839;26701,9453362689;26704,7032378053;26722,3887352706;26711,7377967997;26760,8799139444;26746,0853155145;26782,9593430761;26782,5532113924;26771,1985989314;26817,1244401271;26862,3433948252;26745,5826170826;26771,5045498802;26829,420570469;26799,3585148455;26820,3396744519;26806,6023243774;26778,8357148895;26845,8252089369;26850,6105113044;26925,9658175724;26857,3605104969;26863,9403828728;26971,8997302453;26966,3014678035;27044,4496316918;27067,6386708703;27105,5712338479;27133,9448053749;27227,4208496952;27210,9461606938;27270,0117104281;27263,9557917983;27368,0561182808;27421,1512229317;27428,1304895853;26709,4813510039;26613,9294672836;26687,0320300792;NA;NA
"Алжир";"DZA";"тыс. чел.";NA;NA;NA;NA;NA;NA;NA;NA;NA;NA;NA;NA;NA;NA;NA;NA;NA;NA;NA;NA;NA;NA;NA;NA;NA;NA;NA;NA;NA;NA;NA;NA;NA;NA;NA;NA;NA;NA;NA;NA;NA;NA;NA;NA;NA;NA;NA;NA;NA;NA;NA;NA;NA;NA;NA;NA;NA;NA;NA;NA;NA;NA;NA;NA;NA;NA;NA;NA;NA;NA;NA;NA;NA;NA;NA;NA;NA;NA;NA
"Гана";"GHA";"тыс. чел.";NA;NA;NA;NA;NA;NA;NA;NA;NA;NA;NA;NA;NA;NA;NA;NA;NA;NA;NA;NA;NA;NA;NA;NA;NA;NA;NA;NA;NA;NA;NA;NA;NA;NA;NA;NA;NA;NA;NA;NA;NA;NA;NA;NA;NA;NA;NA;NA;NA;NA;NA;NA;NA;NA;NA;NA;NA;NA;NA;NA;NA;NA;NA;NA;NA;NA;NA;NA;NA;NA;NA;NA;NA;NA;NA;NA;NA;NA;NA
"Чехия";"CZE";"тыс. чел.";4951,50648705188;4927,72969774656;4935,41890258185;4947,88700839083;4958,80236095107;4945,40372556294;4979,11770666664;4943,58078448503;5007,56394668525;4971,50911274669;4993,92643618278;5049,42838966773;4993,96622649071;4973,3661429371;5024,6132382762;5002,59262474648;5046,63904613008;5053,19851267161;5042,80853244747;5053,40710457995;5079,3256653316;5073,98345279737;5032,54327949446;5043,64594276467;5041,24343345919;5123,29035618158;5097,87065533953;5047,75747524935;5166,60214394836;5121,91564214029;5141,36396003531;5143,63013989509;5166,51813799361;5163,91354440166;5113,53772175645;5134,62188206274;5178,46365007556;5168,71141951536;5119,3090247364;5183,29112658827;5200,56428409641;5148,01282039646;5184,37380250319;5194,90317896759;5173,32872927141;5169,76167969416;5326,11849996126;5203,78409647697;5279,89772702278;5140,00092265025;5231,70866562701;5286,96975096394;5204,66590237906;5215,49882193874;5259,59404485722;5290,17063575337;5177,90846324708;5252,19849718797;5196,87998016065;5246,19091704896;5197,47483216058;5392,18864475458;5316,55471081454;5239,19697633749;5256,52248063633;5337,10379640158;5243,84302989039;5260,39585348215;5310,8744807093;5319,28038220017;5322,74835220239;5337,54703103016;5353,7637230001;5312,0481494914;5215,27940676918;5272,39418048555;5179,55784155466;NA;NA
"Морокко";"MAR";"тыс. чел.";10682,6;10682,6;10682,6;10690,9;10690,9;10690,9;10702;10702;10702;10708,8;10708,8;10708,8;10717,2;10717,2;10717,2;10732,4;10732,4;10732,4;10743,2;10743,2;10743,2;10734,2;10734,2;10734,2;10664,1;10664,1;10664,1;10710,2;10710,2;10710,2;10762,9;10762,9;10762,9;10736,2;10736,2;10736,2;10782,4;10782,4;10782,4;10719,8;10719,8;10719,8;10565,9;10565,9;10565,9;NA;NA;NA;NA;NA;NA;NA;NA;NA;NA;NA;NA;NA;NA;NA;NA;NA;NA;NA;NA;NA;NA;NA;NA;NA;NA;NA;NA;NA;NA;NA;NA;NA;NA
"Малайзия";"MYS";"тыс. чел.";13530;13441;13428;13503;13646;13624;13589;13547;13727;13703;13708;13748;13992;14093;14161;14136;14127;14147;14106;14215;14152;14185;14216;14186;14151;14197;14201;14164;14200;14218;14213;14307;14250;14253;14317;14277;14367;14402;14422;14430;14454;14520;14497;14513;14544;14582;14579;14640;14671;14722;14733;14803;14853;14863;14882;14897;14927;14937;14941;14986;14993;15027;15035;15090;15123;15135;15180;15186;15230;15266;15315;15286;15318;15345;15232;14933;14888;NA;NA
"Австралия";"AUS";"тыс. чел.";11454,96;11481,94;11531,91;11538,75;11513,99;11529,79;11545,37;11545,06;11546,39;11542,19;11543,79;11597,32;11607,89;11673,25;11693,68;11693,26;11734,9;11728,14;11760,61;11772,07;11783,13;11860,56;11895,49;11905,91;11910,15;11927,18;11942,54;11948,52;11944,19;11963,48;11996,37;11971,81;11952,93;11986;12011,35;12036,55;12054,99;12058,52;12119,3;12169,18;12194,95;12225,55;12259,37;12312,59;12342,73;12355,85;12407,82;12451,86;12485,07;12481,31;12492,87;12506,13;12506,25;12575,27;12571,59;12616,68;12627,4;12666,33;12695,45;12723,19;12751;12754,82;12784,12;12810,66;12849,69;12850,77;12875,25;12917,4;12925,53;12900,6;12930,13;12961,46;12973,04;12992,34;12989,21;12381,8;12154,09;NA;NA
