"X1";"Код.страны.по.ISO";"Перевод.на.русский";"Оригинальное.название.показателя";"Примечание";"Источник.информации";"Дата.следующего.обновления";"Ссылка";"Базовый.период.(если.не.доступно,.указывается.\"%.к.предыдущему.месяцу\")";"2014-01-01";"2014-02-01";"2014-03-01";"2014-04-01";"2014-05-01";"2014-06-01";"2014-07-01";"2014-08-01";"2014-09-01";"2014-10-01";"2014-11-01";"2014-12-01";"2015-01-01";"2015-02-01";"2015-03-01";"2015-04-01";"2015-05-01";"2015-06-01";"2015-07-01";"2015-08-01";"2015-09-01";"2015-10-01";"2015-11-01";"2015-12-01";"2016-01-01";"2016-02-01";"2016-03-01";"2016-04-01";"2016-05-01";"2016-06-01";"2016-07-01";"2016-08-01";"2016-09-01";"2016-10-01";"2016-11-01";"2016-12-01";"2017-01-01";"2017-02-01";"2017-03-01";"2017-04-01";"2017-05-01";"2017-06-01";"2017-07-01";"2017-08-01";"2017-09-01";"2017-10-01";"2017-11-01";"2017-12-01";"2018-01-01";"2018-02-01";"2018-03-01";"2018-04-01";"2018-05-01";"2018-06-01";"2018-07-01";"2018-08-01";"2018-09-01";"2018-10-01";"2018-11-01";"2018-12-01";"2019-01-01";"2019-02-01";"2019-03-01";"2019-04-01";"2019-05-01";"2019-06-01";"2019-07-01";"2019-08-01";"2019-09-01";"2019-10-01";"2019-11-01";"2019-12-01";"2020-01-01";"2020-02-01";"2020-03-01";"2020-04-01";"2020-05-01";"2020-06-01";"2018-01-01";"2018-02-01";"2018-03-01";"2018-04-01";"2018-05-01";"2018-06-01";"2018-07-01";"2018-08-01";"2018-09-01";"2018-10-01";"2018-11-01";"2018-12-01";"2019-01-01";"2019-02-01";"2019-03-01";"2019-04-01";"2019-05-01";"2019-06-01";"2019-07-01";"2019-08-01";"2019-09-01";"2019-10-01";"2019-11-01";"2019-12-01";"2020-01-01";"2020-02-01";"2020-03-01";"2020-04-01";"2020-05-01";"2020-06-01"
"США";"USA";"Лекарственные средства";"Medicinal drugs in U.S. city average, all urban consumers, not seasonally adjusted";"Без снятия сезонности; база - Current Medicinal drugs";NA;44022;"https://data.bls.gov/cgi-bin/dsrv";"дек.2009 = 100";109,726;110,876;110,703;111,014;111,307;111,938;112,414;112,448;112,994;112,96;113,4;114,134;114,289;115,452;115,638;115,732;115,815;115,793;116,055;116,435;116,244;116,287;116,436;116,026;116,819;"118.155";118,518;119,022;118,327;119,206;119,966;121,776;122,493;122,376;121,603;121,605;122,483;123,102;123,227;122,144;122,28;123,154;124,57;124,838;123,726;123,453;123,872;124,483;124,721;125,079;125,107;124,672;125,672;126,141;125,075;125,183;124,587;124,269;124,587;123,765;124,271;123,678;124,292;124,777;"124.643";124,074;124,437;125,196;124,202;125,508;125,305;126,875;126,512;125,97;125,914;125,751;125,8;125,789;99,0084940858935;99,2926887354132;99,3149162499008;98,9695959355402;99,763435738668;100,135746606335;99,2895133762007;99,3752480749385;98,9021195522744;98,6496784948798;98,9021195522744;98,2495832341034;98,651266174486;98,1805191712313;98,6679368103517;99,0529491148686;98,9465745812495;98,4948797332698;98,7830435818052;99,3855679923791;98,5964912280702;99,633246010955;99,4720965309201;100,718425021831;100,430261173295;100;99,9555449710248;99,826149083115;99,8650472334683;99,8563149956339
"Бразилия";"BRA";"Фармацевтические препараты";"Produtos farmaceuticos";"ftp://ftp.ibge.gov.br/Precos_Indices_de_Precos_ao_Consumidor/IPCA/Serie_Historica/ipca_SerieHist.zip";"Fundaзao Instituto Braseleiro de Geografia e Estatica (IBGE)";44012;"https://www.ibge.gov.br/en/statistics/economic/prices-and-costs/17129-extended-national-consumer-price-index.html?edicao=27636&t=series-historicas";"% к предыдущему месяцу";NA;NA;NA;NA;NA;NA;NA;NA;NA;NA;NA;NA;NA;NA;NA;NA;NA;NA;NA;NA;NA;NA;NA;NA;NA;NA;NA;NA;NA;NA;NA;NA;NA;NA;NA;NA;NA;NA;NA;NA;NA;NA;NA;NA;NA;NA;NA;NA;NA;NA;NA;NA;NA;NA;NA;NA;NA;NA;NA;NA;NA;NA;NA;NA;NA;NA;NA;NA;NA;NA;NA;NA;100,33;99,62;99,67;98,28;98,84;NA;NA;NA;NA;NA;NA;NA;NA;NA;NA;NA;NA;NA;NA;NA;NA;NA;NA;NA;NA;NA;NA;NA;NA;NA;100,712708291508;100;100,050190724754;98,654888576591;99,2170246938366;NA
"Россия";"RUS";"Лекарственные средства";"Лекарственные средства";"Без снятия сезонности";"Индексы потребительских цен на товары и услуги в группировке классификатора индивидуального потребления по целям (КИПЦ)";44008;"https://www.fedstat.ru/indicator/57982 ";"% к предыдущему месяцу";100,3;100,66;101,11;101,17;101,18;101,03;101,15;101,11;101,21;101,29;100,95;101,3;106,73;104,66;102,21;100,83;100,27;100,42;100,34;100,52;100,76;100,98;100,74;100,23;100,52;"100.53";99,99;99,96;100,13;100,11;100,33;100,42;100,35;101;100,7;100,36;100,86;100,18;99,58;99,4;99,43;99,27;99,56;99,47;99,43;99,72;99,72;99,79;100,24;100,23;100,3;100,44;100,45;100,27;100,29;100,28;100,23;100,39;100,54;100,76;100,82;100,76;100,48;100,73;"100.61";100,51;100,36;100,32;100,38;100,43;100,63;100,64;100,56;100,4;101,26;103,13;100,45;99,7;88,8887610474468;89,0932051978559;89,3604848134495;89,7536709466287;90,1575624658885;90,4009878845464;90,6631507494116;90,9170075715099;91,1261166889244;91,4815085440112;91,9755086901489;92,674522556194;93,4344536411548;94,1445554888276;94,596449355174;95,2870034354667;95,8682541564231;96,3571822526208;96,7040681087303;97,0135211266782;97,3821725069596;97,8009158487395;98,4170616185866;99,0469308129455;99,601593625498;100;101,26;104,429438;104,899370471;104,584672359587
"Индия";"IND";"Услуги здравоохранения";"6.2 Health";"Table 18. Consumer Price Index (Base: 2012=100)";"RBI BULLETIN";44022;"https://www.rbi.org.in/scripts/BS_ViewBulletin.aspx?Id=19016";"2012 г. = 100";NA;NA;NA;NA;NA;NA;NA;NA;130,2;114,3;NA;NA;NA;NA;NA;NA;NA;NA;NA;NA;119,8;120,4;NA;NA;NA;NA;NA;NA;NA;NA;NA;NA;125,4;126,1;NA;NA;NA;NA;NA;NA;NA;NA;NA;NA;130,6;131,3;NA;NA;NA;NA;NA;NA;NA;NA;NA;NA;138,4;141,7;NA;NA;NA;NA;NA;146,6;NA;NA;NA;NA;149;149,4;NA;149,9;150,4;151,2;152,3;150,7;153,2;153,6;NA;NA;NA;NA;NA;NA;NA;NA;NA;NA;NA;NA;NA;NA;NA;NA;NA;NA;NA;NA;NA;NA;NA;99,1402116402117;99,4708994708995;100;100,727513227513;99,6693121693122;101,322751322751;101,587301587302
"Великобритания";"GBR";"Фармацевтические продукты";"Pharmaceuitcal products ";"Без снятия сезонности";"Eurostat";NA;"https://appsso.eurostat.ec.europa.eu/nui/submitViewTableAction.do";"2015 г. = 100";95,9;97,5;98,1;98;98,1;98;97,7;99,7;98,5;99,6;98,8;99,2;98,9;99,3;100,9;100,4;101;98,8;100,9;100,3;100,3;99,9;99,5;99,8;100,8;"100.7";101;101,7;102;102,2;102;102,3;102,7;101,8;102;102,3;102,3;103,1;103;103,6;104;103,9;104,5;104,5;104,2;104,5;104,3;104,8;105,5;105,7;105,8;106,7;106;106;106;106,7;107,1;106,8;106,6;106,8;106,8;107,3;107,9;108,5;"108.3";109,2;109;109,1;109,6;108,7;109,9;109,2;109,7;110,9;111,8;113,1;110,7;113,6;95,1307484220018;95,3110910730388;95,4012623985573;96,2128043282237;95,5816050495942;95,5816050495942;95,5816050495942;96,2128043282236;96,5734896302976;96,3029756537421;96,1226330027052;96,3029756537421;96,3029756537421;96,7538322813345;97,2948602344455;97,8358881875563;97,6555455365194;98,4670874661857;98,2867448151488;98,3769161406672;98,8277727682597;98,0162308385933;99,0982867448151;98,4670874661857;98,9179440937782;100;100,811541929666;101,983769161407;99,819657348963;102,434625788999
"Испания";"ESP";"Фармацевтические продукты";"Pharmaceuitcal products ";"Без снятия сезонности";"Eurostat";NA;"https://appsso.eurostat.ec.europa.eu/nui/submitViewTableAction.do";"2015 г. = 100";100,39;100,34;100,59;100,51;100,53;100,7;100,36;100,65;99,61;99,55;99,33;99,33;99,71;99,82;100,16;99,79;99,81;99,88;99,92;99,93;100,19;100,21;100,35;100,22;100,29;"100.46";100,56;101,06;101,13;101,17;101,17;101,2;101,08;101,15;101,24;101,26;101,55;101,79;101,79;101,81;101,81;101,82;101,87;101,91;101,69;101,7;101,7;101,79;102,04;102,17;102,38;102,11;102,15;102,2;102,23;102,41;102,48;102,52;102,54;102,8;102,46;102,54;102,78;102,97;"102.99";103;103,35;103,25;103,34;103,35;103,27;103,25;103,46;103,48;103,48;103,49;103,52;NA;98,6084267491303;98,7340548898338;98,9369926555856;98,6760726710476;98,7147274835717;98,7630459992269;98,7920371086201;98,9659837649788;99,0336296868961;99,0722844994202;99,0916119056823;99,3428681870893;99,014302280634;99,0916119056823;99,3235407808272;99,507151140317;99,5264785465791;99,5361422497101;99,8743718592965;99,7777348279861;99,8647081561655;99,8743718592965;99,7970622342482;99,7777348279861;99,9806725937379;100;100;100,009663703131;100,038654812524;0
"Италия";"ITA";"Фармацевтические продукты";"Pharmaceuitcal products ";"Без снятия сезонности";"Eurostat";NA;"https://appsso.eurostat.ec.europa.eu/nui/submitViewTableAction.do";"2015 г. = 100";97,2;97,3;97,4;97,6;97,7;97,6;98,1;98,2;98,2;98,2;98,2;98,2;99;99,2;99,4;99,6;99,7;99,9;100;100;100;101,2;101;101,1;101,2;"101.5";101,6;101,8;101,8;101,8;101,9;101,9;101,9;102,2;102,2;102,2;103,2;103,5;103,6;103,9;104;103,9;104,1;104;103,7;103,7;103,8;103,6;103,7;103,9;104;104,1;104,1;104,1;104;104,1;104,1;104,2;104,2;104,2;105;105,5;105;105,1;"105.2";105,3;105,3;105,4;105,4;105,4;105,4;105,5;105,4;105,5;105,6;105,8;105,8;NA;98,2938388625592;98,4834123222749;98,5781990521327;98,6729857819905;98,6729857819905;98,6729857819905;98,5781990521327;98,6729857819905;98,6729857819905;98,7677725118483;98,7677725118483;98,7677725118483;99,5260663507109;100;99,5260663507109;99,6208530805687;99,7156398104265;99,8104265402843;99,8104265402843;99,9052132701422;99,9052132701422;99,9052132701422;99,9052132701422;100;99,9052132701422;100;100,094786729858;100,284360189573;100,284360189573;0
"Перу";"PER";"Здоровье";"Health";"Без снятия сезонности";"National Institute of Statistics and Information ";NA;"https://www.ceicdata.com/en/peru/consumer-price-index-dec2011100/consumer-price-index-health-";"2011 г. = 100";106,9;107,2;107,4;108;108,3;108,7;109;109,2;109,3;109,6;109,8;110,2;110,5;111;111,4;111,9;112,2;112,5;113;113,4;113,7;114,2;114,8;115,1;115,7;"116.3";116,8;117,4;117,9;118,4;118,9;119,5;119,8;120,2;120,6;120,8;121,1;121,4;121,7;121,8;122;122,1;122,1;122,1;122,3;122,4;122,5;122,3;122,4;122,6;122,8;122,9;123;123,2;123,3;123,5;123,6;123,7;123,8;123,9;124,1;124,4;124,7;124,9;"125:1";125,5;125,7;126;126,2;126,4;126,6;126,6;126,8;127;127,2;127,4;128;NA;96,3779527559055;96,5354330708661;96,6929133858267;96,7716535433071;96,8503937007874;97,007874015748;97,0866141732283;97,2440944881889;97,3228346456693;97,4015748031496;97,4803149606299;97,5590551181102;97,7165354330708;97,9527559055118;98,1889763779527;98,3464566929133;4,10159667541557;98,8188976377953;98,9763779527559;99,2125984251968;99,3700787401575;99,5275590551181;99,6850393700787;99,6850393700787;99,8425196850394;100;100,157480314961;100,314960629921;100,787401574803;0
"Германия";"DEU";"Фармацевтические продукты";"Pharmaceuitcal products ";"Без снятия сезонности";"Eurostat";NA;"https://appsso.eurostat.ec.europa.eu/nui/submitViewTableAction.do";"2015 г. = 100";94,1;94,2;94,8;95,3;95,4;95,6;98,1;98,1;98,2;98,4;98,6;98,7;98,7;99;99,3;99,4;99,5;99,7;100,5;100,6;100,8;100,8;100,8;101,1;101,1;"101.2";101,6;101,8;102,3;102,3;102,8;102,9;103;103,1;103,2;103,3;104,2;104,4;104,7;105,1;105,4;105,5;105,6;105,6;105,5;105,7;105,9;105,9;106,1;106,2;106,3;107;107,4;107,4;107,9;108,1;108;108,3;108,2;108,2;108,5;108,5;109;109,1;"109.3";109,5;109,6;109,7;109,7;109,8;109,8;109,7;109,8;109,9;110,3;111,2;110,9;NA;96,5423111919927;96,6333030027298;96,7242948134668;97,361237488626;97,7252047315742;97,7252047315742;98,1801637852594;98,3621474067334;98,2711555959964;98,5441310282075;98,4531392174705;98,4531392174705;98,7261146496815;98,7261146496815;99,1810737033667;99,2720655141037;99,4540491355778;99,6360327570519;99,7270245677889;99,818016378526;99,818016378526;99,909008189263;99,909008189263;99,8180163785259;99,909008189263;100;100,363967242948;101,182893539581;100,90991810737;0
"Иран";"IRN";"Услуги здравоохранения";"6. Health & medical services";"Без снятия сезонности";"Statistical Centre of Iran";44012;"https://www.amar.org.ir/english/SCI-News-Archive";"2016-2017г. = 100";71,0152701939433;71,3299816360312;71,7023427410529;72,3647221843439;73,2443661083911;74,9287456746757;78,6267093743921;79,2539124090979;79,5233023588307;80,4851720833458;81,2603929280554;82,0503341626545;83,3669712079969;84,1226233281969;84,5714293139335;85,733247249755;87,2390588760284;88,678976193588;91,2280002482708;91,6564960394097;92,0052268218387;92,6571378345327;93,1232628303985;93,4851102322197;94,0889412258773;"94.23568255152675";94,3647329490031;95,1419493688503;95,5405267904161;96,0525006556979;99,3164243070129;99,8455663543714;100,280274366626;101,49409504337;101,633101917902;101,848544190559;102,713464204256;102,92394250002;103,209610300918;103,761214114843;104,026551368657;104,256482184375;105,166185641275;105,410654616335;105,73613178578;108,807391782044;109,047069107888;109,248506528987;110,144242064868;110,337685107693;110,525563501185;111,268424667276;112,074357135254;112,819283686732;119,347146076149;122,278121750752;124,087828027749;129,283524858993;131,452313968712;132,723405604772;135,697702024703;137,125579989457;139,091936823166;141,524111179121;"144.13710563997495";146,194074791887;154,821629153391;156,344120305613;157,606581323563;161,747988056398;163,290074216572;165,548280777;167,767428034147;168,877050232647;169,813693946445;170,798742915991;175,7;181,2;65,2215572886496;65,3361039618414;65,4473555458979;65,8872383867381;66,364468695337;66,8055745474658;70,6710271832285;72,4065949649761;73,478206693452;76,5548217954366;77,8390632638489;78,5917360718525;80,3529560930654;81,1984694193504;82,3628412691669;83,8030454606805;85,3503216934509;86,5683493349085;91,6771277921465;92,5786660118897;93,3262282272472;95,7785488517071;96,6916901921379;98,0288799152629;99,3429407980707;100;100,554630550751;101,137924117396;104,040187673786;107,296994914571
"Турция";"TUR";"Фармацевтические продукты";"Pharmaceuitcal products ";"Без снятия сезонности";"Eurostat";NA;"https://appsso.eurostat.ec.europa.eu/nui/submitViewTableAction.do";"2015 г. = 100";90,65;90,78;90,55;90,98;92,72;95,56;95,91;95,91;95,91;95,92;95,92;95,92;95,92;97,13;98,19;98,19;98,2;99,75;99,75;99,93;103,23;103,24;103,24;103,24;103,24;"107.63";112,33;112,37;112,37;115,54;119,66;119,66;119,66;119,67;119,67;121,73;122,49;128,55;135,16;135,42;135,42;135,37;135,15;135,16;135,16;135,16;135,16;135,44;135,74;145,49;155,94;155,94;155,95;158,43;158,43;158,44;158,45;158,45;158,46;159,2;159,52;173,33;198,18;198,18;"198.19";198,2;198,2;198,21;198,22;198,22;198,23;198,23;198,03;205,22;219,76;221,64;221,64;NA;66,1436507163045;70,8946496442842;75,9867459311958;75,9867459311958;75,9916187506091;77,2000779651106;77,2000779651106;77,2049507845239;77,2098236039372;77,2098236039372;77,2146964233506;77,5752850599357;77,7312152811617;84,4605788909463;96,569535133028;96,569535133028;96,5744079524413;96,5792807718546;96,5792807718546;96,5841535912679;96,5890264106812;96,5890264106812;96,5938992300945;96,5938992300945;96,4964428418283;100;107,085079426956;108,001169476659;108,001169476659;0
"Франция";"FRA";"Фармацевтические продукты";"Pharmaceuitcal products ";"Без снятия сезонности";"Eurostat";NA;"https://appsso.eurostat.ec.europa.eu/nui/submitViewTableAction.do";"2015 г. = 100";103,9;103,96;103,39;102,92;102,7;102,66;102,49;102,46;102,57;102,59;101,92;101,68;101,71;101,67;100,7;101,16;100,8;99,85;99,42;99,27;99,27;99,1;98,56;98,49;98,43;"98.41";98,24;97,75;97,48;97,41;97,43;97,46;97,5;97,25;97,02;96,89;96,79;97,48;97,15;96,78;96,54;96,47;96,5;96,3;96,55;96,52;96,4;96,03;95,44;95,19;94,82;94,43;94,43;94,5;94,44;94,22;94,3;94,01;93,84;92,91;92,78;91,7;91,72;91,71;"91.34";91,27;91,05;91,1;90,96;91,02;90,92;91,12;90,8;89,72;89,72;89,69;89,77;NA;106,375390102541;106,096745430227;105,684351315203;105,249665626393;105,249665626393;105,327686134641;105,260811413286;105,01560410165;105,10477039679;104,781542576906;104,592064199732;103,555506018725;103,410610789122;102,206865804726;102,229157378511;102,218011591618;101,805617476594;101,727596968346;101,48238965671;101,538118591173;101,382077574677;101,448952296032;101,337494427107;101,560410164958;101,203744984396;100;100;99,9665626393223;100,055728934463;0
"Чили";"CHL";"Здоровье";"Health";"6 SALUD";"National Institute of Statistics";NA;"https://si3.bcentral.cl/Siete/ES/Siete/Cuadro/CAP_PRECIOS/MN_CAP_PRECIOS/IPC_DIV_2018/IPC_DIV_2018";"2018 г. = 100";NA;NA;NA;NA;NA;NA;NA;NA;NA;NA;NA;NA;NA;NA;NA;NA;NA;NA;NA;NA;NA;NA;NA;NA;NA;NA;NA;NA;NA;NA;NA;NA;NA;NA;NA;NA;NA;NA;NA;NA;NA;NA;NA;NA;NA;NA;NA;NA;98,44;99,35;99,78;99,93;100,19;100,43;100,08;100,09;100,13;100,5;100,4;100,68;100,89;101,49;102,04;102,15;"102.1";102,14;102,76;102,88;103,02;103,12;103,08;103,23;103,08;103,52;104,19;104,62;105,05;NA;95,0927357032457;95,9717928902627;96,387171561051;96,5320710973725;96,783230293663;97,0150695517774;96,6769706336939;96,686630602782;96,7252704791344;97,0826893353941;96,9860896445131;97,2565687789799;97,4594281298299;98,0390262751159;98,5703245749613;98,6765842349304;98,6282843894899;98,6669242658423;99,2658423493045;99,3817619783617;99,5170015455951;99,6136012364761;99,5749613601237;99,7198608964451;99,5749613601237;100;100,647217928903;101,062596599691;101,477975270479;0
"Мексика";"MEX";"Фармац";"06.1.1 Productos farmaceuticos ";"https://www.inegi.org.mx/programas/inpc/2018/default.html#Tabulados";"Instituto Nacional de Estadistica, Geografia e Informatica (INEGI)";NA;"https://www.inegi.org.mx/app/indicesdeprecios/Estructura.aspx?idEstructura=112001300090&T=%C3%8Dndices%20de%20Precios%20al%20Consumidor&ST=Clasificaci%C3%B3n%20del%20consumo%20individual%20por%20finalidades(CCIF)%20(mensual)";"июль 2018 г. = 100";76,4689731668589;76,7992217710556;77,1454414502518;77,3628317259522;77,6705823860693;77,9624617167095;78,2875448195294;78,6880603883457;78,8007056719467;78,9913408781059;78,9007510323156;78,8717172008114;79,3403637922724;80,0208209268765;80,5447085407859;80,9228869484277;81,2455444207543;81,6088562924669;81,8193287995257;82,2481778325297;82,9663236901911;83,3262984628828;83,4652385839028;83,8321850065109;84,2613255002878;"85.014507332781704";85,9712229264344;86,741286252309;87,2708681185996;87,597695362885;87,8631128556219;88,4865090224356;89,1484852482848;89,4674691319496;90,0064071168378;90,2370662666235;91,1746502185793;91,9445246462453;92,3800378327512;92,6895785422495;92,6479515616594;93,0866748521091;93,2911640245903;93,6316240684066;94,2774604058932;94,6673893472335;94,8059400548556;94,9115181464486;95,6130395508869;96,6574408099628;97,7025621152216;98,3863957369485;98,8525490836869;99,6080637872193;99,974989051215;100,1546228358;100,2577946598;100,4576737634;100,5611193509;100,6962144869;101,3820436413;102,1221914294;102,7372252736;103,159012213;"103.4107532437";103,5066820243;104,0175148852;104,4960100763;104,9718067599;105,3142623047;105,3722741179;105,5188411277;106,1869768703;106,9356015898;107,8586853339;108,6797949301;109,6800506006;NA;89,4117937613089;90,3884575136504;91,3657946116057;92,0052763291632;92,441196022706;93,147709749005;93,490837069131;93,6588202121764;93,7553005447;93,942215941096;94,0389522814374;94,165285452048;94,8066332765366;95,4987767508299;96,0739208890368;96,4683516802133;96,7037653562551;96,7934724128142;97,2711738081452;97,7186348819001;98,1635724672565;98,4838171189055;98,5380664169293;98,6751274215161;99,299929388931;100;100,863214617374;101,631068899758;102,566450246689;0
"Пакистан";"PAK";"Здоровье";"Health";"Без снятия сезонности";"Pakistan Bureau of Statistics";NA;"http://www.pbs.gov.pk/cpi-nb";"2007-2008 г.=100";166,8;167,5;169,9;170,6;172,5;172,8;173,4;173,4;174,5;175;175,4;176,3;177;177,2;177,3;178,2;178,2;178,6;178,9;179;179,5;179,7;180,6;180,8;181,5;"181.2";185,7;187,3;187,4;187,7;187,8;189,4;192;193,78;195,3;196;208,5;210,2;211,2;212,4;212,7;212,7;212,9;213,1;213,9;214,3;214,8;217,3;218,3;220,6;221,3;223,1;223,8;224,4;224,7;225,2;226,8;234;235,1;235,8;236,6;237,7;239,1;241,8;"243.2";243,6;244,8;245,2;249,2;250;253;252,4;259,6;261,8;263,63;264,3;265,8;271,65;83,3842627960275;84,2627960275019;84,5301757066463;85,2177234530176;85,485103132162;85,7142857142857;85,8288770053476;86,0198624904507;86,6310160427807;89,3812070282658;89,8013750954927;90,0687547746371;90,3743315508021;90,794499618029;91,3292589763178;92,3605805958747;92,8953399541635;93,048128342246;93,5064935064935;93,659281894576;95,1871657754011;95,4927425515661;96,6386554621849;96,4094728800611;99,1596638655462;100;100,699006875477;100,954927425516;101,527883880825;103,762414056532
"Саудовская Аравия";"SAU";"Медицинские изделия, приборы и оборудование";"Medical Products, appliences and equipment";"Без снятия сезонности";"General Authority for Statistics of Kingdom of Saudi Arabia";NA;"https://www.stats.gov.sa/en/394";"2018 г. = 100";95,85;95,98;95,86;95,98;95,98;95,85;95,95;96,68;97,16;97,63;97,59;97,71;97,58;98,38;98,61;98,6;98,53;98,27;97,55;97,57;97,64;97,35;97,4;97,38;97,12;"97.4";98,42;98,24;98,42;98,01;97,92;97,79;97,85;97,85;97,73;96,94;97;97,92;97,68;97,61;97,33;97,91;97,91;97,91;97,87;97,88;97,88;97,94;102,84;101,81;100,9;99,5;100,83;100,52;100,44;100,46;100,46;97,76;98,13;96,35;93,17;94,25;92,98;92,15;"92.49";88,33;90,04;89,19;86,83;86,55;86,55;85,59;85,59;85,43;85,6;85,59;85,42;85,37;120,379257871942;119,173592414843;118,10839283624;116,469624253775;118,026454407117;117,663584221;117,569940302002;117,593351281751;117,593351281751;114,432869015568;114,865972140934;112,782394943228;109,060049163057;110,324242069531;108,837644855437;107,866089195833;108,264075851574;103,394592063678;105,39623083226;104,401264192906;101,638768582465;101,311014865972;101,311014865972;100,187287837996;100,187287837996;100;100,198993327871;100,187287837996;99,9882945101252;99,9297670607515
"Канада";"CAN";"Лекарственные препараты, отпускаемые без рецепта";"Non-prescribed medicines";NA;"Statistics Canada";NA;"https://www150.statcan.gc.ca/t1/tbl1/en/cv.action?pid=1810000401";"2002 г. = 100";115,6;116,7;115,9;116,5;117,2;117,1;117,9;117,3;117,3;115,7;115,6;116,2;117,7;117,7;114,2;115,3;119,7;119,4;118,9;119;117,9;117,1;117,9;117,8;118,3;"119.2";117,7;119,7;120,6;121,7;119,3;121,9;121,4;119,2;119,7;118,2;119,4;119,5;120,2;121,8;121,3;123,1;124,5;124;123,9;123,6;120,5;122,2;122,2;122,6;123;124,5;125,1;125,9;126,5;127,2;125,3;124,5;121,2;123,2;123;123,9;125,1;125,4;"126.5";128;129,5;129,1;129,1;127;128,7;128,9;129;129,9;129,9;130,7;130,9;NA;94,072363356428;94,3802925327174;94,6882217090069;95,8429561200924;96,3048498845265;96,9207082371054;97,3826020015396;97,9214780600462;96,4588144726712;95,8429561200924;93,3025404157044;94,8421862971516;94,6882217090069;95,3810623556582;96,3048498845265;96,5357967667436;97,3826020015396;98,5373364126251;99,6920708237105;99,3841416474211;99,3841416474211;97,7675134719015;99,0762124711316;99,2301770592764;99,3071593533487;100;100;100,615858352579;100,769822940724;0
"Китай";"CHN";"Здравоохранение и личные вещи";"Health Care and Personal Articles";NA;"National Bureau of Statistics of China";NA;"http://data.stats.gov.cn/english/easyquery.htm?cn=A01";"предыдущий месяц = 100 ";100,3;100,2;100,1;100;100,1;100,1;100,1;100,1;100;100,1;100,1;100,2;100,4;100,5;99,8;100,2;100,1;100,2;100,1;100,1;100,2;100,2;100,4;100,2;100,3;"100.1";100,3;100,3;100,2;100,5;100,7;100,3;100,2;100,6;100,4;100,5;100,6;100,3;100,5;100,7;10064;100,3;100,5;100,7;101,8;100,2;100,2;100,1;100,2;100,1;100,2;100,2;100,2;100,2;100,2;100,4;100,2;100,2;100,2;100,1;100,4;100,2;100,1;100,1;"100.1";100,3;100,2;100,2;100,1;100,1;100,1;100,2;100,6;100,1;100,2;100,2;100;NA;95,7957767381803;95,8915725149184;96,0833556599483;96,2755223712682;96,4680734160107;96,6610095628427;96,8543315819684;97,2417489082963;97,4362324061129;97,6311048709251;97,826367080667;97,9241934477476;98,3158902215386;98,5125220019817;98,6110345239837;98,7096455585077;98,8083552040662;99,1047802696784;99,3029898302177;99,5015958098782;99,601097405688;99,7006985030937;99,8003992015968;100;100,6;100,7006;100,9020012;101,1038052024;101,1038052024;0
"Бангладеш";"BGD";"Услуги здравоохранения";"Medical care & health expenses";"Table: 1.1 Consumer Price Index (CPI) and Inflation Rate (Point to Point)";"Bangladesh Bureau of Statistics";NA;"http://www.bbs.gov.bd/site/page/29b379ff-7bac-41d9-b321-e41929bab4a1/-";"2005-06 г. = 100";165,2;165,41;165,5;165,69;165,92;165,96;166,19;166,26;167,8;171,51;171,6;177,2;189,51;191,52;191,62;191,69;191,88;192,38;193,61;193,78;194,13;194,36;194,4;197,29;205,18;"205.46";205,48;205,5;205,5;205,64;205,91;206,08;206,32;206,38;206,42;206,83;206,9;207;207,03;207,13;207,14;207,24;207,58;207,67;207,84;207,92;208,32;208,83;209,09;209,58;210,47;210,78;211,45;211,8;211,96;213,34;214,29;214,82;214,91;215,17;216,04;216,08;216,18;216,39;"216.51";218,01;218,09;222,04;226,8;226,96;227,23;227,56;232,8;232,88;233,28;233,7;239,36;NA;89,7844383373411;89,9948471315699;90,3770182068018;90,5101339745792;90,7978357952594;90,9481277911371;91,0168327035383;91,609412572999;92,0173479903813;92,2449330127104;92,2835795259361;92,3952250085881;92,7688079697698;92,7859841978702;92,8289247681209;92,9190999656476;92,9706286499485;93,6147372037101;93,6490896599107;95,3452421848162;97,389213328753;97,4579182411542;97,5738577808313;97,7155616626589;99,9656475437994;100;100,171762281003;100,352112676056;102,78254895225;0
"Бельгия";"BEL";"Фармацевтические продукты";"Pharmaceuitcal products ";"Без снятия сезонности";"Eurostat";NA;"https://appsso.eurostat.ec.europa.eu/nui/submitViewTableAction.do";"2015 г. = 100";102,09;102,09;101,81;101,65;101,65;101,54;101,23;101,23;101,37;100,85;100,85;100,85;100,8;100,8;100,09;100,3;99,85;100,01;99,92;99,63;99,74;99,62;99,62;99,62;99,37;"99.37";98,97;98,83;98,91;98,91;98,84;99,44;99,48;99,54;99,5;99,5;99,03;99,01;98,91;100,31;102,11;102,11;102,11;102,29;102,29;102,35;102,35;102,35;102,16;102,44;102,65;101,72;101,72;101,79;101,72;101,76;101,84;101,89;101,94;101,89;101,98;101,88;101,74;101,12;"101.12";101,24;101,15;101,18;101,21;101,27;101,27;101,43;101,19;101,29;101,23;101,19;101,19;NA;100,858919932866;101,135353934248;101,342679435285;100,42452364498;100,42452364498;100,493632145325;100,42452364498;100,464014216606;100,542995359858;100,59235857439;100,641721788923;100,59235857439;100,681212360549;100,582485931484;100,444268930793;99,8321650705894;99,8321650705894;99,9506367854674;99,8617829993089;99,8914009280284;99,9210188567479;99,980254714187;99,980254714187;100,138217000691;99,9012735709349;100;99,940764142561;99,9012735709349;99,9012735709349;0
"Южная Африка";"ZAF";"Медицинские товары";"CPT06100 Medical Products";"- CPI(COICOP) from Jan 2008 (202003).zip";"Statistics South Africa";NA;"http://www.statssa.gov.za/?page_id=1847";"дек.2016 г. = 100";85;85,7;85,9;86,9;87,3;88,3;88,9;88,5;89,3;90,1;90;89,2;90,1;90,3;90,7;91,7;93,7;93,3;93,6;93,7;94;94,8;94,5;94,5;94,4;"94.8";97,4;97,5;97,4;97,4;98,3;97,8;97,8;99,1;99,3;100;100,2;100,1;102,2;103,7;104,3;104,7;105,2;104,8;105,4;105,7;105,6;104,6;105,6;106;106,6;107,2;108;107,9;107,9;108,3;109,2;108,5;108,6;107,8;108;108,5;111,4;110,7;"112.8";112,9;113,2;113,3;113,4;113,3;113,5;112,8;113,6;115,3;116;116,1;115,6;NA;91,5871639202081;91,9340849956635;92,4544666088465;92,9748482220295;93,6686903729401;93,5819601040763;93,5819601040763;93,9288811795316;94,7094535993061;94,1023417172593;94,1890719861231;93,4952298352125;93,6686903729401;94,1023417172593;96,6175195143105;96,0104076322637;97,8317432784042;97,918473547268;98,1786643538595;98,2653946227233;98,3521248915872;98,2653946227233;98,438855160451;97,8317432784042;98,5255854293148;100;100,607111882047;100,693842150911;100,260190806591;0
"Белоруссия";"BLR";"Медикаменты, лечебное оборудование и аппаратура";NA;"КИПЦ";"Национальный статистический комитет Республики Беларусь";NA;"https://www.belstat.gov.by/ofitsialnaya-statistika/realny-sector-ekonomiki/tseny/potrebitelskie-tseny/operativnye-dannye/indeks-potrebitelskikh-tsen-v-gruppirovke-klassifikatora-individualnogo-potrebleniya-po-tselyam-kipts/";"предыдущий месяц = 100 ";NA;NA;NA;NA;NA;NA;NA;NA;NA;NA;NA;NA;NA;NA;NA;NA;NA;NA;NA;NA;NA;NA;NA;NA;103,04;"103.02";103,72;103,65;102,05;100,67;100,76;99,84;100,02;99,89;99,92;99,88;99,79;99,83;99,85;99,65;99,17;100,13;100,12;100,1;100,28;100,37;100,4;100,1;100,17;100,25;100,05;100,17;100,28;100,03;99,57;99,9;100,09;100,28;100,63;100,07;99,94;100,35;100,03;100,21;"100.19";100,03;100,18;100,18;100,07;100,06;99,92;100,04;100,11;100,26;100,21;100,91;100,41;NA;97,1573037694067;97,4001970288302;97,4488971273446;97,6145602524611;97,887881021168;97,9172473854743;97,4962032217168;97,3987070184951;97,4863658548117;97,7593276792052;98,3752114435842;98,4440740915947;98,3850076471397;98,7293551739047;98,7589739804569;98,9663678258158;99,1544039246849;99,1841502458623;99,3626817163049;99,5415345433942;99,6112136175746;99,6709803457451;99,5912435614685;99,6310800588931;99,7406742469579;100;100;100,91;101,323731;0
"Швеция";"SWE";"Фармацевтические продукты";"Pharmaceuitcal products ";"Без снятия сезонности";"Eurostat";NA;"https://appsso.eurostat.ec.europa.eu/nui/submitViewTableAction.do";"2015 г. = 100";101,02;101,81;101,46;101,55;101,34;101,15;101,44;101,49;100,93;101,06;100,78;100,58;99,81;100,22;100,52;100,21;100;99,95;100,23;99,99;100,02;99,67;99,84;99,54;95,83;"96.48";96,42;96,27;95,99;95,76;96,25;96,07;95,37;95,64;95,42;95,43;94,78;95,69;95,51;95,44;94,88;94,95;95,41;95,19;94,29;94,31;94,72;94,88;94,25;95,06;95,11;95,03;95,05;94,65;95,18;95,14;94,15;94,55;95,24;94,75;94,98;95,09;95,45;95,44;"95.2";94,84;95,45;95,09;94,64;94,95;94,96;95,2;95,16;94,74;94,99;95,06;94,96;NA;99,4827950179439;100,337766518894;100,390542537471;100,306100907748;100,327211315178;99,9050031665611;100,464428963479;100,422208148617;99,3772429807896;99,7994511294068;100,527760185772;100,010555203715;100,25332488917;100,36943213004;100,749419463796;100,73886426008;100,48553937091;100,105552037154;100,749419463796;100,36943213004;99,8944479628457;100,221659278024;100,23221448174;100,48553937091;100,443318556048;100;100,263880092886;100,337766518894;100,23221448174;0
"Нидерланды";"NLD";"Фармацевтические продукты";"Pharmaceuitcal products ";"Без снятия сезонности";"Eurostat";NA;"https://appsso.eurostat.ec.europa.eu/nui/submitViewTableAction.do";"2015 г. = 100";99,79;99,14;100,94;100,56;100,28;99,73;100,76;100,41;98,18;100,06;99,64;99,42;99,63;100,23;100,76;99,74;99,91;100,57;100,57;100,64;99,46;99,43;99,28;99,79;102,93;"101.81";102,4;102,54;102,72;101,93;102,25;102,18;101,87;101,64;99,84;101,12;101,83;100,3;101,25;102,7;101,03;102,44;103,7;103,08;101,86;101,06;101,56;102,49;101,78;102,57;102,64;103,83;101,55;102,58;104,04;104,71;103,26;102,91;104,95;103,71;108,12;107,51;107,77;107,57;"109.35";109,57;109,99;109,94;108,7;107,96;110,3;109,67;109,94;109,24;111;112,43;116,33;NA;93,1709996338338;93,8941779567924;93,9582570487001;95,0476016111315;92,960454046137;93,9033321127792;95,2398388868546;95,8531673379714;94,5258147198828;94,2054192603442;96,0728670816551;94,9377517392896;98,9747345294764;98,4163310142805;98,6543390699378;98,4712559502014;100,100695715855;100,302087147565;100,686561699011;100,640790919077;99,5056755767118;98,8282680336873;100,970340534603;100,393628707433;100,640790919077;100;101,61113145368;102,920175759795;106,490296594654;0
"Колумбия";"COL";"Услуги здравоохранения";"Sulud";"Inflacion al consumidor";"IPC por divisiones/grupo de gasto";NA;"https://totoro.banrep.gov.co/analytics/saw.dll?Portal&PortalPath=%2Fshared%2FDashboards_T%2FD_Estad%C3%ADsticas%2FEstad%C3%ADsticas&NQUser=publico&NQPassword=publico123&lang=es";"дек.2018 г. = 100";NA;NA;NA;NA;NA;NA;NA;NA;NA;NA;NA;NA;NA;NA;NA;NA;NA;NA;NA;NA;NA;NA;NA;NA;NA;NA;NA;NA;NA;NA;NA;NA;NA;NA;NA;NA;NA;NA;NA;NA;NA;NA;NA;NA;NA;NA;NA;NA;NA;NA;NA;NA;NA;NA;NA;NA;NA;NA;NA;100;100,37;100,35;100,5;100,81;"101.06";101,35;101,5;101,8;102,08;102,43;102,65;102,82;103,42;104,1;104,6;105,13;105,58;NA;NA;NA;NA;NA;NA;NA;NA;NA;NA;NA;NA;96,0614793467819;96,416906820365;96,3976945244956;96,5417867435158;96,8395773294909;97,0797310278578;97,3583093179635;97,5024015369837;97,790585975024;98,059558117195;98,3957732949088;98,6071085494717;98,7704130643612;99,3467819404419;100;100,480307396734;100,989433237272;101,421709894332;0
"Эквадор";"ECU";"Лекарственные препараты";"Productos farmaceuticos (ND)";"Tabulados y series historicas";"National Institute of Statistics and Census";NA;"https://www.ecuadorencifras.gob.ec/indice-de-precios-al-consumidor/";"2014 г. = 100";NA;NA;NA;NA;NA;NA;NA;NA;NA;NA;NA;NA;98,6389412586233;98,572599866658;98,8284088435295;99,2534096419627;98,5541959257854;99,2729213211252;99,0407631412533;99,4012977101332;99,7451745697992;99,5069105326812;99,5719176424151;99,9262259399869;100,78248745425;"100.56277442628485";100,128567146465;100,255483185809;100,303795748407;100,122429576592;100,885990103858;101,009218176821;100,93883224305;101,087548631277;102,399737990066;103,101072846587;103,792053577859;104,292578188586;103,922972896754;104,608665984514;104,478367687977;104,819644114783;105,613850408263;105,544253081886;105,89515600547;105,684661554813;105,079474931911;105,22017874504;105,205053412334;105,284916072622;104,918072991236;105,209067225224;105,99477944291;106,132448143266;106,116953441204;106,275286437823;106,257080726757;106,171408886713;106,507208430243;106,9426558814;106,569770278289;106,151450741638;106,276878941517;107,763012541643;"107.02098850206821";107,69447538111;108,044050037586;108,219779809471;106,986359335234;106,376798603578;107,142855531808;107,670312859506;107,597191344009;107,697006018447;107,862334970129;110,000385590503;109,726907385869;NA;97,6861449558905;97,7602999052621;97,4196747616776;97,6898719052626;98,4194299930251;98,5472596379208;98,5328723279711;98,679889410871;98,6629848452393;98,5834358928484;98,89523615169;99,2995625738023;98,953326761967;98,564904138055;98,6813680997902;100,06128909766;99,3722968340799;99,997650224987;100,322241102115;100,485411628745;99,3401425819662;98,7741465954559;99,4854541392321;99,9752145765906;99,9073189885879;100;100,153513043486;102,138759151449;101,884826182702;0
"Египет";"EGY";"Лекарственные средства, приборы и медицинское оборудование";"Medical products, appliances and equipment";"Table 1, Total Eqypt";"Egypt Statistics";NA;"https://www.capmas.gov.eg/Pages/Publications.aspx?page_id=5107&Year=23352";"2018/2019 г. = 100";NA;NA;NA;NA;NA;NA;NA;NA;NA;NA;NA;NA;NA;NA;NA;NA;NA;NA;NA;NA;NA;NA;NA;NA;NA;NA;NA;NA;NA;NA;NA;NA;NA;NA;NA;NA;NA;NA;NA;NA;NA;NA;NA;NA;NA;NA;NA;NA;NA;NA;NA;NA;NA;NA;NA;NA;NA;NA;NA;NA;NA;NA;NA;NA;NA;NA;NA;NA;NA;NA;NA;NA;113,4;113,4;113,2;113,2;113,2;NA;NA;NA;NA;NA;NA;NA;NA;NA;NA;NA;NA;NA;NA;NA;NA;NA;NA;NA;NA;NA;NA;NA;NA;NA;100;100;99,8236331569665;99,8236331569665;99,8236331569665;0
"Португалия";"PRT";"Фармацевтические продукты";"Pharmaceuitcal products ";"Без снятия сезонности";"Eurostat";NA;"https://appsso.eurostat.ec.europa.eu/nui/submitViewTableAction.do";"2015 г. = 100";99,07;98,4;98,58;98,76;98,98;98,81;98,9;98,66;99,04;99,51;99,67;99,54;99,89;99,93;99,88;99,75;100,15;99,92;99,88;99,86;99,76;99,98;100,09;100,92;100,29;"99.36";98,94;98,97;98,97;99;99,13;99,2;99,44;99,76;99,91;99,83;100,3;100,23;100,41;101,17;101,24;101,6;102,33;102,32;102,62;103,43;103,58;103,59;102,94;103,39;103,54;103,83;103,9;104,3;104,57;104,8;105,26;105,08;105,2;105,04;105,21;104,65;104,81;105,09;"105.51";105,99;106,2;106,32;106,02;106,08;106,12;106,22;106,52;105,92;106,02;107,23;106,78;NA;97,1865558912387;97,6114048338369;97,7530211480363;98,0268126888218;98,0929003021148;98,4705438066465;98,7254531722054;98,9425981873112;99,3768882175227;99,2069486404834;99,3202416918429;99,1691842900302;99,3296827794562;98,8009818731118;98,9520392749245;99,2163897280967;99,612915407855;100,066087613293;100,264350453172;100,377643504532;100,094410876133;100,151057401813;100,188821752266;100,283232628399;100,566465256798;100;100,094410876133;101,236782477341;100,811933534743;0
"Индонезия";"IDN";"Лекарственные препараты";"-";"Изменение методики расчета с 2020 г.";"Statistics Indonesia";NA;"https://www.bps.go.id/subject/3/inflasi.html#subjekViewTab6";"2018 г. = 100";85,17;85,66;85,89;86,19;86,38;86,6;86,87;87,21;87,46;87,74;88,04;88,44;88,88;89,09;89,5;89,55;90,03;90,22;90,41;90,76;91,29;91,62;91,87;92,14;92,45;"92.7";92,94;93,13;93,69;94,24;94,38;94,69;94,9;95,15;95,3;95,29;95,68;95,85;95,87;95,82;95,96;96,08;96,35;96,51;96,67;97,26;97,62;97,92;98,09;98,62;98,75;99,25;99,5;99,79;100,42;100,61;100,89;101,08;101,37;101,61;101,99;102,24;102,58;102,95;"103.22";103,39;103,76;104,3;104,76;105,51;105,7;106,07;106,51;107;107,45;108,05;108,56;NA;91,6728971962617;92,1682242990654;92,2897196261682;92,7570093457944;92,9906542056075;93,2616822429907;93,8504672897196;94,0280373831776;94,2897196261682;94,4672897196262;94,7383177570093;94,9626168224299;95,3177570093458;95,5514018691589;95,8691588785046;96,214953271028;96,4672897196262;96,6261682242991;96,9719626168224;97,4766355140187;97,9065420560748;98,607476635514;98,7850467289719;99,1308411214953;99,5420560747664;100;100,420560747664;100,981308411215;101,457943925234;0
"Украина";"UKR";"Фармацевтическая продукция, медицинские изделия, приборы и оборудование";NA;NA;"State Statistics Service of Ukraine";NA;"http://www.ukrstat.gov.ua/ (Price -> Consumer priсe indices -> Consumer price indices for goods and  services (to previous month)";"предыдущий месяц = 100 ";100,3;101,4;103,2;109,1;104,7;103,3;101,6;101,7;102,7;103;103,3;103,6;103,3;105,7;113;105,5;101,4;99,4;100,5;100,1;100,2;100,4;100,4;101;101,2;"101.7";101,1;100,7;100,4;100,2;99,8;99,9;100,6;100,4;100,2;100;100,3;100,5;100,2;100,3;100,6;100,4;100,4;100,1;100,4;101;100,8;100,9;101,1;101;100,8;100,5;100,6;99,9;99,9;100,1;101;100,9;100,7;100,7;100,7;100,5;100,3;100,4;"100.2";100,3;100;99,8;99,9;100,2;100,2;99,5;99,6;100,4;101,7;102,7;100,2;NA;92,2509993039342;93,1735092969735;93,9188973713493;94,3884918582061;94,9548228093553;94,8598679865459;94,7650081185594;94,859773126678;95,8083708579448;96,6706461956663;97,3473407190359;98,0287721040692;98,7149735087977;99,2085483763416;99,5061740214707;99,9041987175566;100,104007114992;100,404319136337;100,404319136337;100,203510498064;100,103306987566;100,303513601541;100,504120628744;100,0016000256;99,601593625498;100;101,7;104,4459;104,6547918;0
"Польша";"POL";"Фармацевтические продукты";"Pharmaceuitcal products ";"Без снятия сезонности";"Eurostat";NA;"https://appsso.eurostat.ec.europa.eu/nui/submitViewTableAction.do";"2015 г. = 100";97,5;97,5;98,1;98;98,1;98;98,1;98,1;98,4;98,2;98;97,9;98,6;98,7;98,7;98,6;98,7;98,8;101,2;101,7;101,4;101,5;101,2;101;97,5;"97.3";97,2;97,3;97,7;97,8;97,5;97,7;96;96,1;96,3;96,6;96,7;96,8;97,1;97,2;95,9;96,1;97;97,1;96,9;97;97;97;97,3;97,5;97,1;97,3;97,5;97,6;97,6;97,9;98,4;98,4;99,7;99,8;99,7;99,8;99,9;100,1;"100.3";100,5;101,3;101,5;102,3;102,5;102,2;102,5;102,8;102,9;103,6;104,1;104,3;NA;94,5578231292517;94,7521865889213;94,3634596695821;94,5578231292517;94,7521865889213;94,8493683187561;94,8493683187561;95,1409135082605;95,6268221574344;95,6268221574344;96,8901846452867;96,9873663751215;96,8901846452867;96,9873663751215;97,0845481049563;97,2789115646259;97,4732750242955;97,667638483965;98,4450923226434;98,639455782313;99,4169096209913;99,6112730806608;99,3197278911565;99,6112730806608;99,9028182701652;100;100,680272108844;101,166180758017;101,360544217687;0
"Аргентина";"ARG";"Лекарственные средства, приборы и медицинское оборудование";"Productos medicinales, artefactos y equipos para la salud";"Productos medicinales, artefactos y equipos para la salud";"The National Institute of Statistics and Censuses";NA;"https://www.indec.gob.ar/indec/web/Nivel4-Tema-3-5-31";"дек.2016 г. = 100";NA;NA;NA;NA;NA;NA;NA;NA;NA;NA;NA;NA;NA;NA;NA;NA;NA;NA;NA;NA;NA;NA;NA;NA;NA;NA;NA;NA;NA;NA;NA;NA;NA;NA;NA;100;102,0863;104,4548;107,4339;109,836;112,7914;115,2263;117,8516;119,6674;121,5662;122,9163;125,2494;127,0154;129,6334;132,1515;134,2827;137,3384;141,3989;148,1108;153,8124;160,2875;173,856;183,5252;196,0871;207,8016;215,0825;221,1017;232,1544;244,5326;"257.13170000000002";269,3805;278,3971;295,2566;325,0451;342,2155;369,1579;384,5109;365,0841;366,2034;378,3949;384,2822;384,8329;NA;35,3992890289932;36,0869123552649;36,6688840136383;37,5033110014817;38,6121210234531;40,4449549075732;42,001903859986;43,7700742265091;47,4752555546999;50,1156461136079;53,5459528775538;56,7448581853691;58,7330702008774;60,376746911689;63,3949329798686;66,7750763646651;70,215541417693;73,5603492485324;76,0225328328465;80,626395058047;88,7608088838061;93,4495692830815;100,806792072384;104,999270896993;99,6943501889933;100;103,329160788786;104,936819264922;105,087200173456;0
"Филиппины";"PHL";"Лекарственные препараты";"Pharmaceuitcal products (ND)";"Без снятия сезонности";"Consumer Price Index for All Income Households by Commodity Group (2012=100): January 2012 - May 2020 / Philippine Statistics Authority";NA;"http://openstat.psa.gov.ph/PXWeb/pxweb/en/DB/DB__2M__PI__CPI/?tablelist=true";"2012 г. = 100";103,3;103,6;103,8;103,9;103,9;104,1;104,2;104,3;104,5;104,6;104,8;105;105;105,1;105,1;105,2;105,3;105,4;105,5;105,6;105,6;105,7;105,9;105,8;105,9;"106.1";106,2;106,3;106,6;106,8;107;107,2;107,6;107,9;108,3;108,3;108,6;108,9;109,1;109,1;109,3;109,6;109,6;109,7;109,7;109,8;109,8;110;110,2;110,4;110,8;111;111,1;111,4;111,7;111,9;112,1;112,3;112,7;113,1;113,2;113,2;113,3;113,3;"113.3";113,4;113,9;114,2;114,3;114,6;114,8;114,8;115;115,2;115,3;115,3;115,5;NA;95,6597222222222;95,8333333333333;96,1805555555555;96,3541666666666;96,4409722222222;96,7013888888889;96,9618055555555;97,1354166666666;97,3090277777777;97,4826388888889;97,8298611111111;98,1770833333333;98,2638888888889;98,2638888888889;98,3506944444444;98,3506944444444;98,3506944444444;98,4375;98,8715277777778;99,1319444444444;99,21875;99,4791666666667;99,6527777777778;99,6527777777778;99,8263888888889;100;100,086805555556;100,086805555556;100,260416666667;0
"Румыния";"ROU";"Фармацевтические продукты";"Pharmaceuitcal products ";"Без снятия сезонности";"Eurostat";NA;"https://appsso.eurostat.ec.europa.eu/nui/submitViewTableAction.do";"2015 г. = 100";101,55;101,62;101,66;101,68;101,7;101,72;101,77;101,77;101,79;101,81;101,84;101,85;101,91;101,94;101,97;101,99;102;102,02;98,46;97,96;97,94;97,94;97,93;97,93;98;"98.02";98,03;98,02;98,02;98,01;98,01;98,02;98,05;98,09;98,13;98,04;98,01;98,02;98;98;98;98;97,99;97,97;98;98,03;98,01;98,02;98,04;98,08;98,17;98,22;98,24;98,27;98,29;98,31;98,33;98,38;98,43;98,48;98,71;99,26;99,66;99,89;"99.94";100,17;100,39;100,46;100,62;100,74;100,92;100,98;101;101,06;101,13;101,42;101,62;NA;97,0116762319414;97,0512566792005;97,1403126855333;97,1897882446072;97,2095784682367;97,239263803681;97,2590540273105;97,27884425094;97,2986344745696;97,3481100336434;97,3975855927172;97,447061151791;97,6746487235306;98,2188798733426;98,6146843459331;98,8422719176727;98,8917474767465;99,1193350484861;99,3370275084108;99,4062932911142;99,5646150801504;99,6833564219276;99,8614684345933;99,9208391054819;99,9406293291114;100;100,069265782703;100,356224025331;100,554126261627;0
"Израиль";"ISR";"Медицинские товары";"121280 Medicines and medical equipment";NA;"5.2 Consumer Price Index (Incl. V.A.T.), by Main Consumption Group and Sub-Group";NA;"https://www.cbs.gov.il/en/publications/Madad/Pages/2020/Consumer-Prices-Index-May-2020.aspx";"2012 г. = 100";96,5;97,4;97,1;97,5;97,1;97,4;97,5;97,8;97,6;97,5;96,8;97,5;97,5919;97,3973;97,2027;97,2027;96,7162;96,4243;96,9108;96,9108;96,5216;96,1324;96,0351;94,8675;94,7702;"94.867500000000007";94,8675;94,2837;93,8945;94,1864;94,8675;93,9918;94,0891;93,9918;93,7972;93,5053;93,340863;93,1522956;93,7179978;93,0580119;93,0580119;93,9065652;92,9637282;92,7751608;92,8694445;92,7751608;92,5865934;92,398026;92,1151749;92,2094586;91,7380401;91,1723379;91,7380401;91,3609053;92,398026;91,7380401;91,6437564;91,1723379;91,2666216;91,3609053;91,185537618;90,6356750796;90,727318836;90,6356750796;"90.177456297600003";91,185537618;91,2771813744;91,185537618;90,5440313232;90,727318836;90,3607438104;90,3607438104;90,269100054;90,0858125412;90,0858125412;90,6356750796;89,5359500028;NA;102,252699178211;102,357359054545;101,834059672875;101,206100414872;101,834059672875;101,41542016754;102,566678807212;101,834059672875;101,729399796541;101,206100414872;101,310760291206;101,41542016754;101,220752797559;100,610376398779;100,712105798576;100,610376398779;100,101729399797;101,220752797559;101,322482197355;101,220752797559;100,508646998983;100,712105798576;100,30518819939;100,30518819939;100,203458799593;100;100;100,610376398779;99,3896236012207;0
"Япония";"JPN";"Лекарства и укрепление здоровья";"Medicines & health fortification";"датасет - Middle classification index (January 1970-latest month)";"e-Stat General contact point for government statistics Japan";NA;"https://www.e-stat.go.jp/stat-search/files?page=1&layout=datalist&toukei=00200573&tstat=000001084976&cycle=0&tclass1=000001085995&tclass2=000001085936&tclass3=000001085996&tclass4=000001085976 ";"2015 г. = 100";96,9;96,6;96,5;100,3;99,8;99,6;100;99,8;99,7;99,3;98,9;98,6;99,7;99,4;99,5;99,9;100,3;100,4;100,7;100,5;100,3;99,9;99,8;99,8;99,8;"99.4";99,6;99,5;99,9;100,4;100,4;100,1;100,2;100,1;99,9;99,7;98,8;98,7;98,8;99,7;100,3;100,2;100,3;100,4;100,5;99,9;99,8;99,6;99,1;99,3;99;99,2;99,7;99,8;99,8;99,9;99,9;99,6;99,4;99,3;99;98,9;99,1;99,1;"98.9";99;99,3;99,3;99,2;100,8;100,6;100,1;100,2;99,6;100,1;100,5;100,7;NA;99,4979919678715;99,6987951807229;99,3975903614458;99,5983935742972;100,100401606426;100,200803212851;100,200803212851;100,301204819277;100,301204819277;100;99,7991967871486;99,6987951807229;99,3975903614458;99,2971887550201;99,4979919678715;99,4979919678715;99,2971887550201;99,3975903614458;99,6987951807229;99,6987951807229;99,5983935742972;101,204819277108;101,004016064257;100,502008032129;100,602409638554;100;100,502008032129;100,903614457831;101,104417670683;0
"Австрия";"AUT";"Фармацевтические продукты";"Pharmaceuitcal products ";"Без снятия сезонности";"Eurostat";NA;"https://appsso.eurostat.ec.europa.eu/nui/submitViewTableAction.do";"2015 г. = 100";97,17;97,17;97,22;97,24;97,49;97,42;97,32;97,42;97,52;97,52;97,47;97,42;99,41;99,53;99,7;100,07;100,16;99,52;100,33;100,24;100,05;100,49;100,35;100,15;101,78;"102.35";102,35;102,52;102,47;102,45;102,47;102,3;102,66;102,86;102,73;102,87;104,54;105;105,1;104,57;104,47;104,65;104,52;104,05;104,14;104,44;104,71;104,67;105,87;106,47;106,36;106,59;106,78;108,04;108,08;107,99;108,37;108,4;108,4;108,05;109,6;109,72;109,72;109,72;"109.76";110,13;110,13;110,32;110,32;109,67;109,59;109,59;112,51;113,13;113,09;113,78;113,07;NA;93,5826040837974;94,1129673826571;94,0157341111995;94,2190400424291;94,3869884204013;95,5007513480067;95,536108901264;95,4565544064351;95,7924511623796;95,8189693273225;95,8189693273225;95,509590736321;96,879695925042;96,9857685848139;96,9857685848139;96,9857685848139;97,0211261380712;97,3481835057014;97,3481835057014;97,5161318836736;97,5161318836736;96,9415716432423;96,8708565367277;96,8708565367277;99,4519579245116;100;99,9646424467427;100,574560240431;99,946963670114;0
"Ирак";"IRQ";"Услуги здравоохранения";"Health";"Обновление прекратилось после января 2020 г.";"Бюллетень Consumer price index (arabic)";NA;"http://cosit.gov.iq/ar/stat-index/index-number/cpi";"2012 г. = 100";NA;NA;NA;NA;NA;NA;NA;NA;NA;NA;NA;NA;110,7;108,3;109,4;112,7;111,7;113,5;113,5;113,4;114,4;113,9;114,2;112,3;114,7;"115.6 ";116,4;115,5;115,5;116;116,2;116,2;116,1;116,3;116,8;116,8;116,9;116,9;117,1;116,5;116,9;117,2;117,1;117,1;117,3;117,3;117,6;117,9;118,4;118,8;119,1;119,2;119,5;119,6;119,7;119,5;119,7;120,2;121,2;121,2;121,3;121,6;121,9;121,9;"122";122;122,1;122,4;123,6;125,2;126,5;127,1;127,6;NA;NA;NA;NA;NA;NA;NA;NA;NA;NA;NA;NA;NA;NA;NA;NA;NA;NA;NA;NA;NA;NA;NA;NA;NA;NA;NA;NA;NA;NA;NA;NA;NA;NA;NA
"Армения";"ARM";"Лекарственные препараты";"06.1.1 Pharmaceutical products (ND)";"Без снятия сезонности";"Бюллетень Consumer price index in the Republic of Armenia, Table 3";NA;"https://www.armstat.am/en/?nid=82";"цепной индекс, % /м/м";100,4;100,9;101,9;102,1;102,5;102,3;101,9;101,8;101,9;101,9;102,1;NA;101,9;105,1;106,1;108,4;109,2;109;108,3;108,4;108,3;108,4;108,3;NA;100,8;"100.4";100,2;99,7;99,4;99,6;99,5;99;97,6;97,2;97;NA;100;98,4;98,5;98,5;98,6;98,8;99,1;101,3;101,9;102,2;103;NA;101,3;102,2;102,7;102,8;103,2;104,4;104,4;104,5;105,1;104,5;104,3;NA;99,8;99,5;99,5;99,9;"100.2";100,1;100;99,9;99,8;99,7;99,7;NA;100;100,1;100,1;101;101,6;NA;NA;NA;NA;NA;NA;NA;NA;NA;NA;NA;NA;NA;NA;NA;NA;NA;NA;NA;NA;NA;NA;NA;NA;99,9000999000999;99,9000999000999;100;100,1;101,101;102,718616;0
"Нигерия";"NGA";"Здоровье";"Health";"Composity CPI, данные CPI and Inflation Report May 2020";"National Bureau of Statistics of Nigeria";NA;"https://nigerianstat.gov.ng/elibrary?queries[search]=cpi";"2009 г. = 100 ";144,3;145;145,9;146,3;147,4;148,4;149,1;149,9;150,6;151,4;152,4;153,5;154,7;155,9;157,4;158,3;160,2;161;162;162,8;163,7;164,1;164,6;165,8;167,2;"169.3";171,4;172,6;176,4;178,7;179,8;180,6;181,5;182,5;183,4;184,5;185,6;187,1;189;191;193,1;195,6;198,3;200,2;201,6;202,9;204,3;205,6;207;208,6;210,3;212,1;214;216;218,1;219,5;221;222,6;224,2;225,8;227,3;228,8;230,5;232,4;"234.2";236,1;237,8;239,5;241,4;243,3;245,4;247,4;249,6;251,6;253,6;256,2;259,2;NA;82,2734499205088;82,9093799682035;83,5850556438792;84,3004769475358;85,0556438791733;85,8505564387918;86,6852146263911;87,241653418124;87,8378378378378;88,4737678855326;89,1096979332273;89,7456279809221;90,3418124006359;90,9379968203498;91,6136724960254;92,368839427663;93,0842607313195;93,8394276629571;94,5151033386328;95,1907790143084;95,945945945946;96,7011128775835;97,5357710651828;98,3306836248013;99,2050874403816;100;100,794912559618;101,828298887122;103,02066772655;0
"Казахстан";"KAZ";"Фармацевтические препараты";NA;"ИПЦ";"Бюллетень \"Индекс потребительских цен в Республике Казахстан\"";NA;"https://stat.gov.kz/official/industry/26/statistic/5";"цепной индекс, % /м/м";100,2;102,1;103,4;104,4;105,8;106,4;107,6;107,9;108,6;110;111,7;113,1;101;103,4;104,4;105;106,2;106,4;106,7;107,1;109,3;119,2;128,8;131,3;104;"107.3";109,5;111,6;112,4;112,9;113,1;113,9;114,4;115,1;116,6;117,7;100,8;101,4;101,6;102,3;102,6;102,8;103;103,8;104,8;105,3;105,8;106,6;100,8;101,3;101,8;102,9;103,4;103,7;104;104,5;105,3;106;106,8;107,8;100,8;101,9;102,6;103,4;"104.1";104,8;104,9;105;105,7;105,8;106;106,2;100,2;100,6;101,2;104;104,7;NA;37,8719853555579;38,3643211651802;39,0548789461534;40,1874704355919;41,553844430402;43,0913366743269;44,8149901413;46,8316646976585;49,3137429266344;52,2725675022324;55,8271020923842;60,1816160555902;60,6630689840349;61,8156672947316;63,4228746443946;65,579252382304;68,2680017299785;71,5448658130175;75,0505642378553;78,8030924497481;83,2948687193837;88,125971105108;93,4135293714145;99,2051681924421;99,403578528827;100;101,2;105,248;110,194656;0
"Южная Корея";"KOR";"Медицинские товары и продукты";"06.1 Medical products, appliances and equipment";"КИПЦ, Без снятия сезонности";"KOSIS";NA;"http://kosis.kr/eng/statisticsList/statisticsListIndex.do?menuId=M_01_01&vwcd=MT_ETITLE&parmTabId=M_01_01&statId=1964001&themaId=#P2_6.3";"2015 г. = 100";98,594;98,441;98,556;98,451;98,556;98,317;98,508;98,729;98,748;99,131;99,265;99,188;99,44;99,93;100,09;100,05;100,04;100,11;100,06;100,16;99,62;100,27;100,05;100,19;100,15;"99.96";99,9;100,03;100,05;100,1;100,03;99,81;99,88;99,66;99,96;100,1;99,82;99,81;99,56;98,8;98,86;100,08;100,17;100,19;98,85;99,02;98,73;99,07;98,86;98,94;99,21;98,76;98,72;99,18;98,03;98,19;98,11;98,21;98,02;97,99;98,16;98,55;98,56;99,05;"99.09";99,89;99,47;99,49;99,87;99,98;100,01;100,27;100,4;100,48;100,42;100,63;100,55;NA;98,4661354581673;98,5458167330678;98,8147410358566;98,3665338645419;98,3266932270917;98,784860557769;97,6394422310757;97,7988047808765;97,7191235059761;97,8187250996016;97,6294820717132;97,5996015936255;97,7689243027889;98,1573705179283;98,1673306772908;98,6553784860558;98,695219123506;99,49203187251;99,0737051792829;99,093625498008;99,4721115537849;99,5816733067729;99,6115537848606;99,8705179282868;100;100,0796812749;100,019920318725;100,229083665339;100,149402390438;0
"Алжир";"DZA";"Здоровье и гигиена тела";"Health and Body Hygiene";NA;"National Office of Statistics";NA;"https://www.ceicdata.com/en/algeria/consumer-price-index-2001100-algiers/cpi-algiers-health-and-body-hygiene";"2001 г. = 100 ";134,9;136,7;137,3;137,3;139,6;139,5;139,5;140,2;140,4;140,4;141,4;141,5;141,5;145,6;146,1;146,1;147;147,4;147,4;148,6;148,9;148,9;151,7;152,1;152,1;"155.5";156;156;156,9;157,2;157,2;158,6;159,1;159,1;160,5;160,7;160,7;163,5;164,1;164,1;166,3;166,7;166,7;168,2;168,5;168,5;169,1;169,2;169,3;170,7;171;171;172,9;173,3;173,3;174,3;174,8;174,8;175,5;175,8;175,8;177;177,2;177,2;"177.5";178;178;179,1;179,7;179,7;180,7;181,3;181,3;183,5;183,9;184,5;185;NA;92,0609026644915;92,8221859706362;92,9853181076672;92,9853181076672;94,0184883088635;94,2359978249048;94,2359978249048;94,7797716150081;95,0516585100598;95,0516585100598;95,4323001631321;95,5954323001631;95,5954323001631;96,2479608482871;96,3567156063077;96,3567156063077;96,5198477433387;96,7917346383904;96,7917346383904;97,3898858075041;97,7161500815661;97,7161500815661;98,2599238716694;98,5861881457314;98,5861881457314;99,7824904839587;100;100,326264274062;100,598151169114;0
"Гана";"GHA";"Услуги здравоохранения";"Health";"Без снятия сезонности";"Ghana Statistical Service";NA;"https://www.statsghana.gov.gh/nationalaccount_macros.php?Stats=MjI0MzI3MDczMi4wMDI1/webstats/15416s73rs";"2018 г. = 100";NA;NA;NA;NA;NA;NA;NA;NA;NA;NA;NA;NA;NA;NA;NA;NA;NA;NA;NA;NA;NA;NA;NA;NA;NA;NA;NA;NA;NA;NA;NA;NA;NA;NA;NA;NA;NA;NA;NA;NA;NA;NA;NA;NA;NA;NA;NA;NA;NA;NA;NA;NA;NA;NA;NA;NA;NA;NA;NA;NA;NA;NA;NA;NA;NA;NA;NA;106,1186;106,18;109,4962;109,7833;109,53;109,7857;110,3103;110,6626;111,59;110,62;NA;NA;NA;NA;NA;NA;NA;NA;NA;NA;NA;NA;NA;NA;NA;NA;NA;NA;NA;NA;96,2000828571765;96,2557440239035;99,2619909473548;99,5222567611547;99,2926317850645;99,5244324419388;100;100,319371808435;101,160091124764;100,280753474517;0
"Чехия";"CZE";"Фармацевтические продукты";"Pharmaceuitcal products ";"Без снятия сезонности";"Eurostat";NA;"https://appsso.eurostat.ec.europa.eu/nui/submitViewTableAction.do";"2015 г. = 100";102;103,1;103,6;104,3;104,9;105,5;105,8;106;106,6;106,7;106,7;106,8;98,8;98,8;98,7;99,7;100;100,4;100,8;100,6;100,8;100,7;100,5;100,3;100,8;"100.3";101,3;101,8;101,9;102,3;102,4;102,5;102,4;102,8;102,5;103;103,5;103,7;104,5;105;105,3;106,2;106,4;106,9;107,1;107;107,4;107,5;107,8;107,6;108,1;108,7;108,7;109,3;110,3;111;110,6;111,1;111,5;111,7;112,3;112,2;112,9;113,4;"113.6";113,6;113,4;113,7;113;113;112,6;112,2;111,6;112,1;112,2;112,8;113,4;NA;96,164139161463;95,985727029438;96,4317573595005;96,9669937555754;96,9669937555754;97,5022301516503;98,3942908117752;99,0187332738626;98,6619090098127;99,1079393398751;99,4647636039251;99,6431757359501;100,178412132025;100,089206066013;100,7136485281;101,159678858162;101,338090990187;101,338090990187;101,159678858162;101,4272970562;100,802854594112;100,802854594112;100,446030330062;100,089206066012;99,5539696699376;100;100,089206066012;100,624442462087;101,159678858162;0
"Марокко";"MAR";"Лекарственные препараты";"0611. Produits pharmaceutiques";"0611. Produits pharmaceutiques";"INDICE DES PRIX A LA CONSOMMATION PAR DIVISION, GROUPE ET CLASSE DIVISIONS, GROUPES ET CLASSES";NA;"https://www.hcp.ma/downloads/IPC-Indice-des-prix-a-la-consommation_t12173.html";"2006 г. = 100";99,6;99,6;99,6;99,6;99,6;94;94;94;94;94;94;94;NA;NA;94;94;94;94;94;94;NA;NA;NA;93,9;93,9;"93.9";93,9;NA;93,9;93,8;93,8;93,8;93,8;NA;NA;93,8;93,8;93,8;93,8;93,8;93,8;93,8;93,8;93,8;93,8;93,8;93,8;93,8;93,8;93,8;93,7;93,7;93,7;93,7;93,7;93,7;93,7;93,7;93,7;93,7;NA;NA;NA;NA;NA;NA;NA;NA;NA;NA;NA;NA;NA;NA;NA;NA;NA;NA;NA;NA;NA;NA;NA;NA;NA;NA;NA;NA;NA;NA;NA;NA;NA;NA;NA;NA;NA;NA;NA;NA;NA;NA;NA;NA;NA;NA;NA;NA
"Малайзия";"MYS";"Услуги здравоохранения";"Health";"Без снятия сезонности";"Department of Statstics Malaysia";NA;"https://www.dosm.gov.my/v1/index.php?r=column/cthemeByCat&cat=106&bul_id=cE9sL2M3VXFTcGVvOEFOVkVDK1Bwdz09&menu_id=bThzTHQxN1ZqMVF6a2I4RkZoNDFkQT09";"2010 г. = 100";NA;NA;NA;NA;NA;NA;NA;NA;NA;NA;NA;NA;NA;NA;NA;NA;NA;NA;NA;NA;NA;NA;NA;NA;NA;NA;NA;NA;NA;NA;NA;NA;NA;NA;NA;NA;NA;NA;NA;NA;NA;NA;NA;NA;NA;NA;NA;NA;NA;NA;NA;NA;NA;NA;NA;NA;NA;121,278;121,5752;121,5752;121,771;121,9932;122,264;122,512;NA;NA;NA;NA;122,9;123;123,2;123,2;123,5;123,6;124;124;124;NA;NA;NA;NA;NA;NA;NA;NA;NA;NA;NA;NA;NA;NA;NA;NA;NA;NA;NA;NA;NA;99,4336569579288;99,5145631067961;99,6763754045307;99,6763754045307;99,9190938511327;100;100,323624595469;100,323624595469;100,323624595469;0
"Австралия";"AUS";"Здоровье";"Health";"Данные квартальные ";"Australian Bureau of Statistics";NA;"https://www.ceicdata.com/en/australia/consumer-price-index-201112100/cpi-health";"2011-2012 г.=100";109,2;109,2;109,2;112;112;112;115,2;115,2;115,2;115;115;115;114;114;114;116,9;116,9;116,9;120,1;120,1;120,1;120,5;120,5;120,5;120;"120";120;122,3;122,3;122,3;125,5;125,5;125,5;125,2;125,2;125,2;124,4;124,4;124,4;126,9;126,9;126,9;130,3;130,3;130,3;130,1;130,1;130,1;129,4;129,4;129,4;132,2;132,2;132,2;134,7;134,7;134,7;134,2;134,2;134,2;133,7;133,7;133,7;136,3;"136.30000000000001";136,3;138,7;138,7;138,7;138,4;138,4;138,4;140,3;140,3;140,3;140,3;140,3;NA;92,2309337134711;92,2309337134711;92,2309337134711;94,2266571632216;94,2266571632216;94,2266571632216;96,0085531004989;96,0085531004989;96,0085531004989;95,6521739130435;95,6521739130435;95,6521739130435;95,295794725588;95,295794725588;95,295794725588;97,1489665003564;97,1489665003564;97,1489665003564;98,8595866001425;98,8595866001425;98,8595866001425;98,6457590876693;98,6457590876693;98,6457590876693;100;100;100;100;100;0
NA;NA;NA;NA;" ";NA;NA;NA;NA;NA;NA;NA;NA;NA;NA;NA;NA;NA;NA;NA;NA;NA;NA;NA;NA;NA;NA;NA;NA;NA;NA;NA;NA;NA;NA;NA;NA;NA;NA;NA;NA;NA;NA;NA;NA;NA;NA;NA;NA;NA;NA;NA;NA;NA;NA;NA;NA;NA;NA;NA;NA;NA;NA;NA;NA;NA;NA;NA;NA;NA;NA;NA;NA;NA;NA;NA;NA;NA;NA;NA;NA;NA;NA;NA;NA;NA;NA;NA;NA;NA;NA;NA;NA;NA;NA;NA;NA;NA;NA;NA;NA;NA;NA;NA;NA;NA;NA;NA;NA;NA;NA;NA;NA;NA;NA;NA;NA
