"country";"iso3";"note";"source";"unit";"2020-01-01";"2020-01-02";"2020-01-03";"2020-01-04";"2020-01-05";"2020-01-06";"2020-01-07";"2020-01-08";"2020-01-09";"2020-01-10";"2020-01-11";"2020-01-12";"2020-01-13";"2020-01-14";"2020-01-15";"2020-01-16";"2020-01-17";"2020-01-18";"2020-01-19";"2020-01-20";"2020-01-21";"2020-01-22";"2020-01-23";"2020-01-24";"2020-01-25";"2020-01-26";"2020-01-27";"2020-01-28";"2020-01-29";"2020-01-30";"2020-01-31";"2020-02-01";"2020-02-02";"2020-02-03";"2020-02-04";"2020-02-05";"2020-02-06";"2020-02-07";"2020-02-08";"2020-02-09";"2020-02-10";"2020-02-11";"2020-02-12";"2020-02-13";"2020-02-14";"2020-02-15";"2020-02-16";"2020-02-17";"2020-02-18";"2020-02-19";"2020-02-20";"2020-02-21";"2020-02-22";"2020-02-23";"2020-02-24";"2020-02-25";"2020-02-26";"2020-02-27";"2020-02-28";"2020-02-29";"2020-03-01";"2020-03-02";"2020-03-03";"2020-03-04";"2020-03-05";"2020-03-06";"2020-03-07";"2020-03-08";"2020-03-09";"2020-03-10";"2020-03-11";"2020-03-12";"2020-03-13";"2020-03-14";"2020-03-15";"2020-03-16";"2020-03-17";"2020-03-18";"2020-03-19";"2020-03-20";"2020-03-21";"2020-03-22";"2020-03-23";"2020-03-24";"2020-03-25";"2020-03-26";"2020-03-27";"2020-03-28";"2020-03-29";"2020-03-30";"2020-03-31";"2020-04-01";"2020-04-02";"2020-04-03";"2020-04-04";"2020-04-05";"2020-04-06";"2020-04-07";"2020-04-08";"2020-04-09";"2020-04-10";"2020-04-11";"2020-04-12";"2020-04-13";"2020-04-14";"2020-04-15";"2020-04-16";"2020-04-17";"2020-04-18";"2020-04-19";"2020-04-20";"2020-04-21";"2020-04-22";"2020-04-23";"2020-04-24";"2020-04-25";"2020-04-26";"2020-04-27";"2020-04-28";"2020-04-29";"2020-04-30";"2020-05-01";"2020-05-02";"2020-05-03";"2020-05-04";"2020-05-05";"2020-05-06";"2020-05-07";"2020-05-08";"2020-05-09";"2020-05-10";"2020-05-11";"2020-05-12";"2020-05-13";"2020-05-14";"2020-05-15";"2020-05-16";"2020-05-17";"2020-05-18";"2020-05-19";"2020-05-20";"2020-05-21";"2020-05-22";"2020-05-23";"2020-05-24";"2020-05-25";"2020-05-26";"2020-05-27";"2020-05-28";"2020-05-29";"2020-05-30";"2020-05-31";"2020-06-01";"2020-06-02";"2020-06-03";"2020-06-04";"2020-06-05";"2020-06-06";"2020-06-07";"2020-06-08";"2020-06-09";"2020-06-10";"2020-06-11";"2020-06-12";"2020-06-13";"2020-06-14";"2020-06-15";"2020-06-16";"2020-06-17";"2020-06-18";"2020-06-19";"2020-06-20";"2020-06-21";"2020-06-22";"2020-06-23";"2020-06-24";"2020-06-25";"2020-06-26";"2020-06-27";"2020-06-28";"2020-06-29";"2020-06-30";"2020-07-01";"2020-07-02";"2020-07-03";"2020-07-04";"2020-07-05";"2020-07-06";"2020-07-07";"2020-07-08";"2020-07-09";"2020-07-10";"2020-07-11";"2020-07-12";"2020-07-13"
"США";"USA";NA;"ICAO";"тыс. ВПО";51,598;62,884;66,532;61,838;61,418;63,868;62,624;61,892;64,304;63,662;52,986;54,548;60,492;60,916;61,186;64,982;64,342;52,938;51,148;60,802;62,294;61,466;65,294;64,7;55,58;55,754;61,112;61,488;61,738;64,994;65,158;55,314;52,958;61,39;61,488;60,648;62,65;62,848;55,544;53,778;61,164;61,464;62,222;65,698;67,804;58,254;54,078;62,362;64,912;65,102;66,148;66,528;58,878;57,872;62,9;64,202;64,61;66,232;67,022;58,566;57,666;62,79;64,39;64,832;66,832;67,44;60,358;63,144;63,79;64,802;65,192;67,974;68,126;60,754;59,99;62,868;62,62;59,084;56,202;54,056;47,23;42,53;39,38;39,912;36,41;35,168;32,258;28,736;27,732;27,192;29,512;28,742;26,17;25,998;22,572;21,44;21,752;23,546;24,408;23,454;22,616;19,288;16,64;18,744;20,858;20,264;19,48;19,228;16,348;14,654;15,614;18,204;18,774;19,218;19,014;16,358;14,842;16,08;18,582;19,142;19,856;21,06;16,948;17,062;17,722;19,132;19,78;21,63;21,56;17,444;17,04;18,188;19,328;20,82;22,054;22,01;17,74;17,908;19,82;19,922;22,096;23,53;23,384;18,708;17,904;18,738;18,46;22,768;23,54;23,44;19,126;19,794;21,648;22,994;24,7;26,64;26,99;22,682;23,704;24,536;25,85;27,238;29,504;29,358;24,898;25,496;26,284;27,348;28,104;30,802;30,672;26,466;26,386;28,008;29,004;29,7;32,266;32,698;28,47;27,97;29,648;31,128;33,962;37,302;35,618;26,014;31,376;34,692;37,592;38,61;41,988;41,546;37,574;37,662;NA
"Бразилия";"BRA";NA;"ICAO";"тыс. ВПО";4,046;5,296;5,406;5,016;5,072;5,62;5,458;5,484;5,56;5,61;4,98;5,024;5,584;5,48;5,442;5,546;5,616;5,1;5,094;5,66;5,578;5,48;5,644;5,59;4,9;4,992;5,648;5,656;5,716;5,742;5,59;5,02;4,95;5,508;5,388;5,28;5,576;5,582;4,862;4,968;5,308;5,34;5,388;5,506;5,582;4,826;4,946;5,496;5,362;5,388;5,694;5,57;4,676;3,372;3,522;4,226;5,262;5,06;4,926;4,454;4,756;5,432;5,246;5,082;5,192;5,2;4,676;4,746;5,42;5,318;5,282;5,394;5,384;4,64;4,632;5;4,472;3,776;3,822;3,7;3,358;2,306;1,924;1,206;0,912;0,926;0,864;0,52;0,452;0,59;0,576;0,498;0,514;0,564;0,296;0,382;0,498;0,462;0,442;0,488;0,416;0,32;0,316;0,46;0,408;0,414;0,492;0,432;0,344;0,322;0,356;0,382;0,476;0,46;0,464;0,31;0,312;0,422;0,41;0,44;0,462;0,352;0,258;0,322;0,494;0,496;0,564;0,566;0,58;0,364;0,296;0,586;0,582;0,588;0,572;0,584;0,38;0,318;0,608;0,55;0,65;0,618;0,646;0,424;0,366;0,672;0,654;0,67;0,604;0,644;0,442;0,36;0,676;0,598;0,642;0,724;0,816;0,476;0,434;0,754;0,694;0,844;0,808;0,496;0,376;0,528;1,088;0,85;0,94;0,94;1,068;0,48;0,64;1,036;0,866;0,97;0,958;1,098;0,592;0,722;1,086;0,92;1,206;1,22;1,388;0,592;0,834;1,278;1,146;1,182;1,23;1,47;0,732;0,872;NA
"Россия";"RUS";NA;NA;"тыс. ВПО";4,016;4,403;4,434;4,377;4,452;4,359;4,368;4,478;4,293;4,447;4,46;4,557;4,359;4,231;4,302;4,28;4,311;4,275;4,302;4,253;4,152;4,139;4,227;4,324;4,187;4,311;4,179;4,099;4,06;4,117;4,28;4,678;4,648;4,58;4,472;4,575;4,58;4,693;4,634;4,688;4,55;4,496;4,639;4,521;4,639;4,707;4,653;4,614;4,447;4,58;4,599;4,683;4,55;4,589;4,55;4,373;4,56;4,526;4,658;4,55;5,316;5,131;4,991;5,271;5,226;5,349;5,299;5,355;5,215;5,036;5,109;5,086;4,907;4,823;4,941;4,448;4,14;4,134;3,999;4,033;3,971;3,848;3,697;3,277;3,31;3,423;3,417;3,114;2,862;2,442;1,86;3,603;3,109;3,199;2,743;2,586;1,996;2,519;2,13;1,644;1,607;1,383;1,704;1,48;1,547;1,652;1,248;1,48;1,33;1,428;1,144;1,136;1,144;1,174;1,36;1,465;1,473;1,301;1,226;1,51;2,026;2,952;1,913;1,582;1,683;2,041;1,591;1,287;1,683;1,453;1,968;2,087;1,812;1,655;1,812;2,308;2,198;2,271;2,179;1,95;2,345;2,041;2,74;2,869;2,584;2,722;2,437;2,584;2,924;2,768;3,246;3,366;3,36;1,625;2,691;2,435;2,898;2,885;2,928;2,952;2,63;2,983;3,287;3,665;3,038;3,798;3,993;3,64;3,604;3,573;4,091;4,005;4,322;4,419;4,17;4,395;4,377;4,979;4,778;5,01;4,821;5,107;5,868;5,819;6,105;6,026;6,123;5,8;5,599;5,824;5,812;6,195;6,213;6,067;NA
"Индия";"IND";NA;"ICAO";"тыс. ВПО";8,25;8,244;8,406;8,24;8,242;8,182;8,134;8,332;8,304;8,356;8,24;8,048;7,984;8,044;8,084;8,18;8,342;8,078;8,13;7,996;7,836;8,03;8,064;8,164;8,144;7,956;8,114;7,99;8,138;8,184;8,178;8,114;8,074;7,992;7,958;8,234;8,11;8,426;8,162;8,068;8,12;7,982;8,308;8,222;8,352;8,25;8,218;8,164;7,992;8,324;8,236;8,31;7,99;7,89;7,92;7,836;8,126;7,996;8,254;8,096;8,006;7,91;7,674;8,084;7,93;7,924;7,712;7,786;7,79;7,69;8,118;7,982;7,992;7,73;7,638;7,342;6,802;6,426;6,066;5,858;5,278;3,142;3,462;3,07;0,262;0,244;0,19;0,202;0,156;0,14;0,218;0,24;0,22;0,26;0,226;0,212;0,144;0,196;0,202;0,242;0,202;0,216;0,154;0,12;0,164;0,214;0,234;0,28;0,25;0,194;0,214;0,228;0,314;0,232;0,294;0,304;0,22;0,192;0,256;0,286;0,308;0,29;0,318;0,208;0,178;0,25;0,264;0,316;0,3;0,35;0,31;0,288;0,342;0,4;0,404;0,358;0,39;0,38;0,274;0,47;0,466;0,43;0,532;0,566;0,506;1,178;1,264;1,352;1,4;1,516;1,48;1,412;1,716;1,736;1,74;1,874;1,912;1,852;1,806;1,786;1,8;2,064;1,938;2,036;1,948;1,954;1,968;2,048;2,154;2,204;2,348;2,296;2,212;2,332;2,2;2,198;2,304;2,358;2,34;2,236;2,248;2,248;2,36;2,344;2,35;2,352;2,388;2,226;2,304;2,284;2,356;2,46;2,398;2,246;NA
"Великобритания";"GBR";NA;"ICAO";"тыс. ВПО";5,011;6,491;6,811;6,203;6,762;6,491;5,762;5,516;6,005;6,433;5,439;6,161;5,995;5,195;5,396;5,949;6,486;5,303;6,267;6,298;5,391;5,219;6,004;6,786;5,365;6,124;6,204;5,294;5,381;5,964;6,573;5,471;6,15;6,266;5,533;5,585;6,212;6,784;5,554;4,249;6,137;5,532;5,774;6,38;7,093;5,686;6,046;6,612;6,014;5,881;6,428;6,986;5,954;6,615;6,774;6,27;6,084;6,547;6,957;5,755;6,547;6,741;6,15;5,97;6,224;6,597;5,63;6,204;6,338;5,498;5,345;6,046;6,4;5,167;5,555;5,561;4,387;4,055;4,084;4,055;2,603;2,477;2,228;1,817;1,537;1,561;1,479;1,063;1,01;0,953;0,971;0,973;0,907;0,952;0,69;0,687;0,755;0,804;0,84;0,838;0,726;0,56;0,539;0,569;0,712;0,795;0,841;0,783;0,588;0,615;0,759;0,748;0,881;0,866;0,861;0,629;0,647;0,828;0,816;0,92;0,924;0,907;0,637;0,714;0,843;0,841;0,99;0,985;0,861;0,666;0,774;0,915;0,944;1,002;1,021;1,02;0,769;0,78;0,969;0,958;1,077;0,996;1,05;0,829;0,836;0,908;1,07;1,162;1,053;1,2;0,842;0,858;0,714;0,819;0,891;0,888;0,939;0,694;0,728;0,793;0,772;0,834;0,78;0,844;0,555;0,617;0,863;0,831;0,884;0,903;0,933;0,612;0,731;0,998;0,95;1,012;1,054;1,051;0,718;0,767;0,963;1,023;1,583;1,555;1,669;1,337;1,413;1,602;1,533;1,606;1,691;1,907;1,548;1,594;1,698
"Испания";"ESP";NA;"ICAO";"тыс. ВПО";4,233;5,203;5,312;5,543;5,344;5,042;4,752;4,231;4,501;4,938;4,775;4,944;4,551;3,826;3,765;4,281;4,815;4,545;4,726;4,371;3,897;3,806;4,266;4,783;4,527;4,813;4,474;3,871;3,866;4,383;4,829;4,697;4,956;4,531;4,051;4,089;4,513;4,906;4,886;4,804;4,636;4,205;4,197;4,72;5,186;5,114;5,187;4,918;4,488;4,503;4,811;5,351;5,279;4,973;5,157;4,863;4,686;4,911;5,303;5,262;5,297;4,996;4,492;4,455;4,812;5,149;5,071;5,233;4,785;4,375;4,121;4,463;4,787;4,516;4,5;3,901;2,997;2,495;2,331;2,13;1,714;1,181;0,771;0,758;0,623;0,658;0,66;0,453;0,442;0,414;0,463;0,414;0,407;0,421;0,304;0,283;0,313;0,368;0,378;0,34;0,269;0,203;0,228;0,276;0,326;0,324;0,359;0,384;0,237;0,265;0,331;0,351;0,329;0,374;0,403;0,228;0,267;0,318;0,391;0,327;0,401;0,3;0,264;0,293;0,359;0,394;0,368;0,398;0,397;0,278;0,298;0,444;0,402;0,422;0,443;0,451;0,286;0,339;0,429;0,428;0,523;0,486;0,488;0,32;0,339;0,397;0,455;0,476;0,54;0,53;0,353;0,336;0,309;0,356;0,335;0,326;0,358;0,227;0,22;0,356;0,355;0,34;0,317;0,385;0,251;0,27;0,414;0,405;0,379;0,429;0,442;0,297;0,535;0,686;0,642;0,655;0,669;0,781;0,676;0,735;0,757;0,726;1,463;1,513;1,729;1,653;1,602;1,581;1,48;1,535;1,615;1,844;1,905;1,773;1,77
"Италия";"ITA";NA;"ICAO";"тыс. ВПО";3,613;4,475;4,556;4,381;4,736;4,509;3,956;3,903;4,147;4,437;3,787;4,306;4,154;2,939;3,728;3,914;4,301;3,674;4,278;4,183;3,54;3,633;3,884;4,409;3,689;4,154;4,101;3,469;3,586;3,845;4,39;3,775;4,175;4,173;3,531;3,628;4,016;4,458;3,869;3,98;4,075;3,723;3,764;4,097;4,576;4,108;4,343;4,428;3,928;3,943;4,3;4,691;4,254;4,56;4,439;3,611;3,878;4,038;4,456;3,971;4,178;4,074;3,49;3,482;3,629;4,035;3,625;3,727;3,204;2,513;2,123;2,039;2,159;1,593;1,526;1,413;1,205;1,099;1,012;1,012;0,646;0,555;0,561;0,561;0,503;0,481;0,469;0,378;0,355;0,4;0,394;0,456;0,418;0,437;0,352;0,311;0,351;0,412;0,437;0,438;0,385;0,326;0,213;0,281;0,353;0,442;0,409;0,439;0,284;0,263;0,419;0,404;0,441;0,46;0,451;0,328;0,311;0,397;0,444;0,526;0,443;0,343;0,315;0,338;0,425;0,469;0,487;0,509;0,495;0,406;0,368;0,507;0,548;0,517;0,507;0,611;0,429;0,405;0,526;0,509;0,631;0,616;0,535;0,446;0,403;0,541;0,591;0,658;0,601;0,61;0,415;0,401;0,351;0,278;0,581;0,541;0,575;0,403;0,421;0,509;0,534;0,538;0,56;0,565;0,411;0,436;0,688;0,609;0,632;0,742;0,732;0,596;0,688;0,843;0,779;0,785;0,897;0,927;0,725;0,782;0,914;0,85;1,342;1,35;1,724;1,457;1,601;1,545;1,266;1,461;1,481;1,817;1,51;1,638;1,656
"Перу";"PER";NA;NA;"тыс. ВПО";NA;NA;NA;NA;NA;NA;NA;NA;NA;NA;NA;NA;NA;NA;NA;NA;NA;NA;NA;NA;NA;NA;NA;NA;NA;NA;NA;NA;NA;NA;NA;NA;NA;NA;NA;NA;NA;NA;NA;NA;NA;NA;NA;NA;NA;NA;NA;NA;NA;NA;NA;NA;NA;NA;NA;NA;NA;NA;NA;NA;NA;NA;NA;NA;NA;NA;NA;NA;NA;NA;NA;NA;NA;NA;NA;NA;NA;NA;NA;NA;NA;NA;NA;NA;NA;NA;NA;NA;NA;NA;NA;NA;NA;NA;NA;NA;NA;NA;NA;NA;NA;NA;NA;NA;NA;NA;NA;NA;NA;NA;NA;NA;NA;NA;NA;NA;NA;NA;NA;NA;NA;NA;NA;NA;NA;NA;NA;NA;NA;NA;NA;NA;NA;NA;NA;NA;NA;NA;NA;NA;NA;NA;NA;NA;NA;NA;NA;NA;NA;NA;NA;NA;NA;NA;NA;NA;NA;NA;NA;NA;NA;NA;NA;NA;NA;NA;NA;NA;NA;NA;NA;NA;NA;NA;NA;NA;NA;NA;NA;NA;NA;NA;NA;NA;NA;NA;NA;NA;NA;NA;NA;NA;NA;NA;NA
"Германия";"DEU";NA;"ICAO";"тыс. ВПО";5,907;7,838;8,093;7,388;8,001;8,057;7,464;7,617;7,864;8,281;6,951;7,599;7,926;7,179;7,605;7,939;8,384;6,687;7,491;8,146;7,492;7,558;8,005;8,593;6,711;7,466;7,966;7,071;7,561;7,805;8,437;6,772;7,388;8;7,276;7,81;8,184;8,765;7,27;6,439;6,259;7,159;7,849;8,268;8,799;7,505;7,557;8,192;7,829;8,068;8,448;8,879;7,551;7,706;8,363;7,846;8,101;8,131;8,852;7,425;7,858;8,339;7,761;8,148;8,186;8,473;7,193;7,629;7,612;6,774;7,045;7,028;7,437;6,19;6,111;5,707;4,762;4,458;3,965;3,805;2,768;2,488;1,99;1,875;1,762;1,704;1,659;1,205;1,161;1,236;1,349;1,315;1,356;1,295;0,933;0,977;1,098;1,147;1,278;1,326;1,001;0,832;0,765;0,771;1,099;1,262;1,258;1,238;0,809;0,916;1,171;1,237;1,395;1,432;1,386;0,986;1,024;1,275;1,408;1,484;1,49;1,149;0,935;1,136;1,312;1,477;1,645;1,656;1,628;1,113;1,15;1,424;1,585;1,704;1,767;1,735;1,263;1,295;1,611;1,708;1,942;1,589;1,609;1,222;1,433;1,618;1,801;1,948;1,982;1,993;1,357;1,3;1,007;1,243;1,394;1,304;1,309;0,85;0,906;1,328;1,364;1,53;1,366;1,413;0,936;1,041;1,591;1,653;1,77;1,783;0,1818;1,239;1,393;1,788;1,796;1,912;2,063;2,023;1,371;1,548;1,828;1,901;2,49;2,483;2,657;2,034;2,144;2,407;2,387;2,595;2,462;2,626;2,128;2,254;2,522
"Иран";"IRN";NA;"ICAO";"тыс. ВПО";0,62;0,606;0,638;0,614;0,602;0,622;0,666;0,578;0,548;0,614;0,564;0,618;0,516;0,594;0,57;0,586;0,616;0,58;0,474;0,59;0,614;0,558;0,552;0,584;0,562;0,584;0,514;0,614;0,554;0,52;0,594;0,59;0,608;0,58;0,606;0,606;0,566;0,616;0,59;0,586;0,554;0,554;0,512;0,54;0,632;0,57;0,566;0,524;0,612;0,584;0,534;0,528;0,522;0,516;0,496;0,436;0,368;0,296;0,33;0,284;0,284;0,248;0,23;0,27;0,22;0,234;0,234;0,254;0,23;0,226;0,266;0,254;0,22;0,2;0,294;0,208;0,212;0,23;0,214;0,13;0,118;0,154;0,126;0,142;0,144;0,146;0,128;0,14;0,176;0,114;0,092;0,156;0,164;0,168;0,15;0,152;0,136;0,14;0,15;0,128;0,174;0,172;0,19;0,138;0,146;0,17;0,158;0,174;0,232;0,228;0,186;0,236;0,202;0,168;0,204;0,192;0,19;0,2;0,206;0,21;0,172;0,208;0,224;0,196;0,21;0,236;0,198;0,172;0,198;0,238;0,204;0,2;0,198;0,2;0,182;0,204;0,248;0,226;0,224;0,234;0,276;0,274;0,282;0,278;0,244;0,26;0,326;0,322;0,294;0,324;0,32;0,314;0,342;0,414;0,318;0,262;0,4;0,358;0,374;0,342;0,36;0,376;0,318;0,36;0,382;0,334;0,328;0,404;0,342;0,288;0,384;0,39;0,334;0,328;0,402;0,378;0,346;0,39;0,4;0,412;0,388;0,424;0,41;0,348;0,402;0,384;0,364;0,334;0,408;0,388;0,336;0,416;0,402;0,396;NA
"Турция";"TUR";NA;"ICAO";"тыс. ВПО";3,24;3,685;3,725;3,786;3,851;3,46;3,022;3,296;3,432;3,489;3,493;3,662;3,377;3,267;3,331;3,392;3,472;3,542;3,581;3,338;3,242;3,318;3,423;3,438;3,537;3,577;3,297;3,187;3,278;3,376;3,464;3,544;3,62;3,258;3,147;3,06;3,419;3,37;3,327;3,344;3,212;3,082;3,23;3,277;3,449;3,514;3,588;3,331;3,204;3,34;3,423;3,478;3,525;3,582;3,298;3,186;3,244;3,358;3,435;3,454;3,516;3,244;3,178;3,284;3,347;3,397;3,413;3,408;3,077;2,971;2,996;3,016;3,032;3,031;3,079;2,662;2,218;2,137;1,947;1,932;1,551;1,345;1,045;0,915;0,816;0,812;0,788;0,608;0,434;0,362;0,411;0,4;0,392;0,403;0,372;0,332;0,313;0,358;0,379;0,356;0,356;0,352;0,306;0,297;0,337;0,333;0,393;0,396;0,376;0,333;0,388;0,404;0,494;0,528;0,419;0,424;0,378;0,424;0,464;0,462;0,489;0,486;0,458;0,424;0,483;0,502;0,514;0,536;0,517;0,486;0,469;0,451;0,466;0,519;0,533;0,556;0,501;0,438;0,423;0,439;0,49;0,564;0,557;0,509;0,452;0,403;0,462;0,534;0,527;0,498;0,516;0,546;0,264;0,289;0,293;0,587;0,542;0,446;0,512;0,496;0,499;0,568;0,59;0,682;0,591;0,621;0,678;0,634;0,727;0,717;0,828;0,744;0,787;0,734;0,696;0,818;0,826;0,984;0,89;0,933;0,846;0,782;1,103;1,18;1,265;1,149;1,191;1,09;0,997;1,11;1,118;1,239;1,16;1,18;1,149
"Франция";"FRA";NA;"ICAO";"тыс. ВПО";6,229;7,755;8,109;8,291;8,527;8,12;7,094;6,874;6,719;7,889;7,05;7,573;7,359;5,823;6,173;6,865;7,722;6,749;7,493;7,455;6,621;6,56;7,177;7,48;6,62;7,404;7,425;6,302;6,223;7,183;7,982;6,949;7,506;7,427;6,631;6,842;7,113;7,422;7,286;6,659;7,193;6,845;7,093;7,681;8,678;7,928;7,892;7,857;7,245;7,138;7,234;8,644;8,159;8,39;8,145;7,399;7,139;7,631;8,509;7,742;8,108;7,868;7,19;7,176;7,189;7,88;7,119;7,597;7,547;6,603;6,442;6,904;7,402;6,311;6,479;5,934;4,494;4,014;3,744;3,629;2,5;2,046;1,403;1,292;1,141;1,131;1,073;0,778;0,707;0,73;0,781;0,813;0,741;0,756;0,561;0,465;0,596;0,649;0,732;0,744;0,604;0,413;0,368;0,418;0,659;0,694;0,714;0,726;0,444;0,448;0,711;0,731;0,761;0,796;0,76;0,47;0,429;0,686;0,762;0,814;0,865;0,547;0,508;0,474;0,765;0,84;0,907;0,953;0,733;0,563;0,532;0,859;1,081;1,025;1,089;1,141;0,704;0,634;1,042;1,113;1,298;0,983;1,02;0,757;0,725;1,103;1,172;1,267;1,267;1,303;0,756;0,741;0,499;0,881;0,912;0,915;0,939;0,543;0,522;0,95;0,932;1,028;1,034;1,017;0,574;0,652;1,286;1,278;1,355;1,459;1,48;0,939;0,973;1,41;1,466;1,483;1,612;1,618;1,099;1,129;1,521;1,553;2,015;2,039;2,385;1,729;1,824;2,271;2,012;2,086;2,142;2,61;2,044;1,848;1,99
"Чили";"CHL";NA;NA;"тыс. ВПО";NA;NA;NA;NA;NA;NA;NA;NA;NA;NA;NA;NA;NA;NA;NA;NA;NA;NA;NA;NA;NA;NA;NA;NA;NA;NA;NA;NA;NA;NA;NA;NA;NA;NA;NA;NA;NA;NA;NA;NA;NA;NA;NA;NA;NA;NA;NA;NA;NA;NA;NA;NA;NA;NA;NA;NA;NA;NA;NA;NA;NA;NA;NA;NA;NA;NA;NA;NA;NA;NA;NA;NA;NA;NA;NA;NA;NA;NA;NA;NA;NA;NA;NA;NA;NA;NA;NA;NA;NA;NA;NA;NA;NA;NA;NA;NA;NA;NA;NA;NA;NA;NA;NA;NA;NA;NA;NA;NA;NA;NA;NA;NA;NA;NA;NA;NA;NA;NA;NA;NA;NA;NA;NA;NA;NA;NA;NA;NA;NA;NA;NA;NA;NA;NA;NA;NA;NA;NA;NA;NA;NA;NA;NA;NA;NA;NA;NA;NA;NA;NA;NA;NA;NA;NA;NA;NA;NA;NA;NA;NA;NA;NA;NA;NA;NA;NA;NA;NA;NA;NA;NA;NA;NA;NA;NA;NA;NA;NA;NA;NA;NA;NA;NA;NA;NA;NA;NA;NA;NA;NA;NA;NA;NA;NA;NA
"Мексика";"MEX";NA;NA;"тыс. ВПО";NA;NA;NA;NA;NA;NA;NA;NA;NA;NA;NA;NA;NA;NA;NA;NA;NA;NA;NA;NA;NA;NA;NA;NA;NA;NA;NA;NA;NA;NA;NA;NA;NA;NA;NA;NA;NA;NA;NA;NA;NA;NA;NA;NA;NA;NA;NA;NA;NA;NA;NA;NA;NA;NA;NA;NA;NA;NA;NA;NA;NA;NA;NA;NA;NA;NA;NA;NA;NA;NA;NA;NA;NA;NA;NA;NA;NA;NA;NA;NA;NA;NA;NA;NA;NA;NA;NA;NA;NA;NA;NA;NA;NA;NA;NA;NA;NA;NA;NA;NA;NA;NA;NA;NA;NA;NA;NA;NA;NA;NA;NA;NA;NA;NA;NA;NA;NA;NA;NA;NA;NA;NA;NA;NA;NA;NA;NA;NA;NA;NA;NA;NA;NA;NA;NA;NA;NA;NA;NA;NA;NA;NA;NA;NA;NA;NA;NA;NA;NA;NA;NA;NA;NA;NA;NA;NA;NA;NA;NA;NA;NA;NA;NA;NA;NA;NA;NA;NA;NA;NA;NA;NA;NA;NA;NA;NA;NA;NA;NA;NA;NA;NA;NA;NA;NA;NA;NA;NA;NA;NA;NA;NA;NA;NA;NA
"Пакистан";"PAK";NA;NA;"тыс. ВПО";NA;NA;NA;NA;NA;NA;NA;NA;NA;NA;NA;NA;NA;NA;NA;NA;NA;NA;NA;NA;NA;NA;NA;NA;NA;NA;NA;NA;NA;NA;NA;NA;NA;NA;NA;NA;NA;NA;NA;NA;NA;NA;NA;NA;NA;NA;NA;NA;NA;NA;NA;NA;NA;NA;NA;NA;NA;NA;NA;NA;NA;NA;NA;NA;NA;NA;NA;NA;NA;NA;NA;NA;NA;NA;NA;NA;NA;NA;NA;NA;NA;NA;NA;NA;NA;NA;NA;NA;NA;NA;NA;NA;NA;NA;NA;NA;NA;NA;NA;NA;NA;NA;NA;NA;NA;NA;NA;NA;NA;NA;NA;NA;NA;NA;NA;NA;NA;NA;NA;NA;NA;NA;NA;NA;NA;NA;NA;NA;NA;NA;NA;NA;NA;NA;NA;NA;NA;NA;NA;NA;NA;NA;NA;NA;NA;NA;NA;NA;NA;NA;NA;NA;NA;NA;NA;NA;NA;NA;NA;NA;NA;NA;NA;NA;NA;NA;NA;NA;NA;NA;NA;NA;NA;NA;NA;NA;NA;NA;NA;NA;NA;NA;NA;NA;NA;NA;NA;NA;NA;NA;NA;NA;NA;NA;NA
"Саудовская Аравия";"SAU";NA;NA;"тыс. ВПО";NA;NA;NA;NA;NA;NA;NA;NA;NA;NA;NA;NA;NA;NA;NA;NA;NA;NA;NA;NA;NA;NA;NA;NA;NA;NA;NA;NA;NA;NA;NA;NA;NA;NA;NA;NA;NA;NA;NA;NA;NA;NA;NA;NA;NA;NA;NA;NA;NA;NA;NA;NA;NA;NA;NA;NA;NA;NA;NA;NA;NA;NA;NA;NA;NA;NA;NA;NA;NA;NA;NA;NA;NA;NA;NA;NA;NA;NA;NA;NA;NA;NA;NA;NA;NA;NA;NA;NA;NA;NA;NA;NA;NA;NA;NA;NA;NA;NA;NA;NA;NA;NA;NA;NA;NA;NA;NA;NA;NA;NA;NA;NA;NA;NA;NA;NA;NA;NA;NA;NA;NA;NA;NA;NA;NA;NA;NA;NA;NA;NA;NA;NA;NA;NA;NA;NA;NA;NA;NA;NA;NA;NA;NA;NA;NA;NA;NA;NA;NA;NA;NA;NA;NA;NA;NA;NA;NA;NA;NA;NA;NA;NA;NA;NA;NA;NA;NA;NA;NA;NA;NA;NA;NA;NA;NA;NA;NA;NA;NA;NA;NA;NA;NA;NA;NA;NA;NA;NA;NA;NA;NA;NA;NA;NA;NA
"Канада";"CAN";NA;"ICAO";"тыс. ВПО";7,078;8,574;8,928;7,74;7,72;8,754;8,74;8,472;8,538;8,356;6,85;6,286;8,234;8,354;7,904;8,542;8,46;6,31;6,506;8,368;8,362;8,528;8,868;8,816;6,97;6,998;8,352;8,504;8,488;8,834;8,724;7,102;6,946;8,58;8,236;8,51;8,618;7,406;6,984;7,088;8,452;8,632;8,648;8,546;8,83;7,23;6,994;8,352;8,328;8,556;8,932;8,948;7,2;7,182;8,586;8,46;8,22;7,564;8,516;7,248;7,374;8,504;8,432;8,502;8,714;8,874;7,18;7,604;8,842;8,54;8,678;8,84;8,568;7,406;7,28;7,978;7,908;7,412;7,124;6,756;5,472;4,912;4,696;4,052;3,64;3,09;2,794;1,96;1,75;2,078;2,322;2,324;2,088;1,99;1,362;1,294;1,594;1,924;1,932;1,868;1,488;0,952;0,918;1,336;1,696;1,814;1,73;1,626;1,038;1,022;1,474;1,66;1,886;1,768;1,634;0,94;0,968;1,412;1,702;1,748;1,704;1,674;1,046;1,02;1,482;1,66;1,746;1,776;1,648;0,96;0,968;1,484;1,82;1,938;2,01;1,784;1,038;1,042;1,512;1,666;2,022;1,848;1,872;1,042;1,046;1,692;1,862;1,938;1,904;1,838;1,098;1,216;2,194;2,598;2,694;2,634;2,562;1,54;1,63;2,292;2,462;2,53;2,672;2,45;1,566;1,618;2,286;2,61;2,772;2,842;2,608;1,644;1,756;2,528;2,808;2,822;2,904;2,842;1,806;1,946;2,594;3,044;2,76;3,128;3,144;2,002;2,234;3,116;3,416;3,436;3,466;3,304;2,336;2,364;NA
"Китай";"CHN";NA;NA;"тыс. ВПО";25,912;26,14;26,636;26,344;26,428;26,076;26,51;26,742;26,916;27,604;27,396;27,542;28,176;28,29;28,606;28,612;28,916;28,788;28,982;28,99;28,862;28,894;27,764;23,872;23,452;24,664;24,032;21,788;19,6;18,092;15,372;13,958;13,282;10,156;8,464;8,376;7,92;8,734;9,082;10,818;7,126;5,558;5,4;4,802;5,334;5,374;6,232;4,884;4,788;5,57;5,416;5,952;4,402;5,29;4,868;5,24;5,526;5,284;6,342;6,352;7,976;7,51;7,18;6,968;6,536;7,024;6,324;7,218;9,62;9,406;9,996;9,428;10,206;9,914;11,53;10,6;10,144;10,796;10,232;11,328;10,052;10,876;9,936;9,406;10,538;9,858;10,64;10,608;10,674;9,582;10,198;10,04;9,65;10,932;7,684;8,672;10,742;10,372;10,95;10,122;11,724;10,272;11,818;10,848;10,584;11,628;11,208;12,404;11,118;12,29;11,414;10,392;11,08;10,886;11,838;11,156;11,604;11,222;12,07;13,054;14,778;13,156;10,656;11,702;13,178;15,996;14,74;14,082;14,794;14,564;15,48;14,952;14,462;14,872;13,92;15,712;14,872;15,864;15,138;15,358;16,088;15,428;17,058;15,658;16,758;16,118;15,946;16,248;16,378;17,448;16,128;17,374;18,144;18,008;17,912;18,218;19,362;18,122;19,532;18,624;18,464;19,482;19,484;20,528;18,792;20,088;18,76;18,232;18,74;18,358;19;18,044;18,788;17,932;18,236;19,926;16,822;16,692;19,124;19,208;18,186;18,282;17,776;17,784;19;18,128;19,668;18,958;18,344;19,404;19,546;21,384;20,344;21,158;NA
"Бангладеш";"BGD";NA;NA;"тыс. ВПО";NA;NA;NA;NA;NA;NA;NA;NA;NA;NA;NA;NA;NA;NA;NA;NA;NA;NA;NA;NA;NA;NA;NA;NA;NA;NA;NA;NA;NA;NA;NA;NA;NA;NA;NA;NA;NA;NA;NA;NA;NA;NA;NA;NA;NA;NA;NA;NA;NA;NA;NA;NA;NA;NA;NA;NA;NA;NA;NA;NA;NA;NA;NA;NA;NA;NA;NA;NA;NA;NA;NA;NA;NA;NA;NA;NA;NA;NA;NA;NA;NA;NA;NA;NA;NA;NA;NA;NA;NA;NA;NA;NA;NA;NA;NA;NA;NA;NA;NA;NA;NA;NA;NA;NA;NA;NA;NA;NA;NA;NA;NA;NA;NA;NA;NA;NA;NA;NA;NA;NA;NA;NA;NA;NA;NA;NA;NA;NA;NA;NA;NA;NA;NA;NA;NA;NA;NA;NA;NA;NA;NA;NA;NA;NA;NA;NA;NA;NA;NA;NA;NA;NA;NA;NA;NA;NA;NA;NA;NA;NA;NA;NA;NA;NA;NA;NA;NA;NA;NA;NA;NA;NA;NA;NA;NA;NA;NA;NA;NA;NA;NA;NA;NA;NA;NA;NA;NA;NA;NA;NA;NA;NA;NA;NA;NA
"Бельгия";"BEL";NA;"ICAO";"тыс. ВПО";2,428;3,019;3,127;2,866;3,072;3,079;2,866;2,76;2,9;3,051;2,524;2,755;2,953;2,533;2,74;2,907;3,092;2,486;2,69;2,99;2,686;2,816;2,998;3,152;2,541;2,742;2,95;2,541;2,771;2,928;3,061;2,531;2,728;2,949;2,661;2,884;2,962;3,194;2,696;2,293;2,646;2,658;2,925;3,066;3,218;2,832;2,819;3,075;2,845;2,992;3,032;3,23;2,901;2,973;3,112;2,904;2,921;3,009;3,225;2,854;2,998;3,055;2,846;3,005;3,085;3,254;2,681;2,985;2,863;2,584;2,705;2,791;2,938;2,418;2,595;2,374;2,013;1,847;1,79;1,678;1,328;1,067;0,84;0,832;0,727;0,726;0,693;0,462;0,445;0,497;0,565;0,527;0,548;0,484;0,368;0,33;0,419;0,438;0,468;0,488;0,376;0,292;0,301;0,293;0,422;0,477;0,483;0,448;0,314;0,346;0,418;0,484;0,498;0,539;0,478;0,36;0,384;0,415;0,519;0,518;0,535;0,416;0,337;0,388;0,461;0,545;0,557;0,609;0,517;0,383;0,411;0,502;0,607;0,598;0,627;0,62;0,437;0,436;0,539;0,624;0,625;0,591;0,589;0,451;0,502;0,555;0,642;0,662;0,639;0,61;0,456;0,471;0,2;0,264;0,269;0,274;0,244;0,157;0,167;0,221;0,272;0,261;0,281;0,281;0,132;0,155;0,3;0,352;0,346;0,344;0,374;0,202;0,258;0,344;0,38;0,38;0,373;0,366;0,226;0,257;0,38;0,417;0,549;0,515;0,516;0,363;0,388;0,481;0,473;0,522;0,523;0,555;0,383;0,426;0,5
"Южная Африка";"ZAF";NA;NA;"тыс. ВПО";NA;NA;NA;NA;NA;NA;NA;NA;NA;NA;NA;NA;NA;NA;NA;NA;NA;NA;NA;NA;NA;NA;NA;NA;NA;NA;NA;NA;NA;NA;NA;NA;NA;NA;NA;NA;NA;NA;NA;NA;NA;NA;NA;NA;NA;NA;NA;NA;NA;NA;NA;NA;NA;NA;NA;NA;NA;NA;NA;NA;NA;NA;NA;NA;NA;NA;NA;NA;NA;NA;NA;NA;NA;NA;NA;NA;NA;NA;NA;NA;NA;NA;NA;NA;NA;NA;NA;NA;NA;NA;NA;NA;NA;NA;NA;NA;NA;NA;NA;NA;NA;NA;NA;NA;NA;NA;NA;NA;NA;NA;NA;NA;NA;NA;NA;NA;NA;NA;NA;NA;NA;NA;NA;NA;NA;NA;NA;NA;NA;NA;NA;NA;NA;NA;NA;NA;NA;NA;NA;NA;NA;NA;NA;NA;NA;NA;NA;NA;NA;NA;NA;NA;NA;NA;NA;NA;NA;NA;NA;NA;NA;NA;NA;NA;NA;NA;NA;NA;NA;NA;NA;NA;NA;NA;NA;NA;NA;NA;NA;NA;NA;NA;NA;NA;NA;NA;NA;NA;NA;NA;NA;NA;NA;NA;NA
"Белоруссия";"BLR";NA;NA;"тыс. ВПО";NA;NA;NA;NA;NA;NA;NA;NA;NA;NA;NA;NA;NA;NA;NA;NA;NA;NA;NA;NA;NA;NA;NA;NA;NA;NA;NA;NA;NA;NA;NA;NA;NA;NA;NA;NA;NA;NA;NA;NA;NA;NA;NA;NA;NA;NA;NA;NA;NA;NA;NA;NA;NA;NA;NA;NA;NA;NA;NA;NA;NA;NA;NA;NA;NA;NA;NA;NA;NA;NA;NA;NA;NA;NA;NA;NA;NA;NA;NA;NA;NA;NA;NA;NA;NA;NA;NA;NA;NA;NA;NA;NA;NA;NA;NA;NA;NA;NA;NA;NA;NA;NA;NA;NA;NA;NA;NA;NA;NA;NA;NA;NA;NA;NA;NA;NA;NA;NA;NA;NA;NA;NA;NA;NA;NA;NA;NA;NA;NA;NA;NA;NA;NA;NA;NA;NA;NA;NA;NA;NA;NA;NA;NA;NA;NA;NA;NA;NA;NA;NA;NA;NA;NA;NA;NA;NA;NA;NA;NA;NA;NA;NA;NA;NA;NA;NA;NA;NA;NA;NA;NA;NA;NA;NA;NA;NA;NA;NA;NA;NA;NA;NA;NA;NA;NA;NA;NA;NA;NA;NA;NA;NA;NA;NA;NA
"Швеция";"SWE";NA;"ICAO";"тыс. ВПО";1,617;2,1;2,048;1,535;2,023;2,047;2,008;2,09;2,076;2,154;1,474;1,896;2,223;2,069;2,128;2,175;2,279;1,43;1,894;2,207;2,021;2,089;2,2;2,265;1,424;1,97;2,284;2,055;2,19;2,298;2,353;1,485;2,028;2,299;1,942;2,18;2,202;2,314;1,562;1,933;2,156;2,089;2,214;2,267;2,246;1,619;2,05;2,219;2,11;2,19;2,269;2,379;1,647;2,046;2,187;2,135;2,124;2,305;2,397;1,658;2,139;2,35;2,02;2,263;2,357;2,188;1,487;2,094;2,275;2,123;2,19;2,144;2,235;1,412;1,736;1,613;1,324;1,241;1,109;1,001;0,685;0,675;0,681;0,636;0,608;0,583;0,582;0,294;0,358;0,422;0,435;0,438;0,402;0,413;0,204;0,262;0,374;0,391;0,388;0,352;0,233;0,179;0,19;0,223;0,358;0,396;0,369;0,356;0,199;0,265;0,377;0,393;0,405;0,411;0,383;0,243;0,294;0,369;0,382;0,45;0,37;0,309;0,259;0,299;0,41;0,42;0,458;0,493;0,429;0,28;0,323;0,432;0,46;0,497;0,483;0,506;0,344;0,35;0,464;0,481;0,52;0,393;0,457;0,348;0,397;0,497;0,53;0,519;0,505;0,527;0,32;0,384;0,221;0,215;0,266;0,234;0,208;0,081;0,139;0,227;0,234;0,27;0,237;0,241;0,092;0,148;0,262;0,272;0,329;0,295;0,106;0,071;0,182;0,282;0,268;0,316;0,299;0,285;0,11;0,18;0,258;0,257;0,373;0,339;0,374;0,148;0,282;0,306;0,304;0,358;0,326;0,351;0,166;0,27;0,326
"Нидерланды";"NLD";NA;"ICAO";"тыс. ВПО";2,728;3,272;3,357;2,967;3,358;3,317;3,047;2,949;3,104;3,294;2,674;3,145;3,181;2,758;2,883;3,149;3,323;2,699;3,123;3,273;2,962;2,873;3,155;3,386;2,687;3,136;3,194;2,79;2,877;3,215;3,317;2,733;3,105;3,266;2,931;3,037;3,257;3,433;2,808;2,467;2,889;2,751;3,027;3,272;3,455;2,883;3,094;3,362;3,103;3,151;3,319;3,469;2,932;3,047;3,348;3,216;3,219;3,311;3,47;2,994;3,325;3,413;3,15;3,276;3,297;3,44;2,876;3,286;3,276;2,908;2,934;3,084;3,222;2,62;2,849;2,674;2,142;1,913;1,885;1,826;1,449;1,305;1,005;0,953;0,832;0,785;0,805;0,582;0,579;0,488;0,571;0,494;0,519;0,494;0,435;0,442;0,416;0,441;0,438;0,487;0,389;0,365;0,342;0,32;0,383;0,46;0,461;0,426;0,363;0,382;0,429;0,454;0,477;0,509;0,47;0,436;0,447;0,455;0,477;0,493;0,547;0,481;0,445;0,455;0,5;0,529;0,612;0,615;0,569;0,473;0,541;0,547;0,59;0,608;0,65;0,637;0,518;0,547;0,57;0,63;0,691;0,643;0,606;0,594;0,574;0,63;0,688;0,725;0,725;0,714;0,597;0,566;0,314;0,371;0,364;0,393;0,367;0,311;0,301;0,366;0,389;0,381;0,42;0,433;0,343;0,323;0,423;0,425;0,441;0,513;0,48;0,434;0,428;0,468;0,502;0,484;0,527;0,506;0,427;0,448;0,513;0,521;0,615;0,706;0,75;0,675;0,697;0,723;0,692;0,725;0,754;0,823;0,738;0,714;0,768
"Колумбия";"COL";NA;NA;"тыс. ВПО";NA;NA;NA;NA;NA;NA;NA;NA;NA;NA;NA;NA;NA;NA;NA;NA;NA;NA;NA;NA;NA;NA;NA;NA;NA;NA;NA;NA;NA;NA;NA;NA;NA;NA;NA;NA;NA;NA;NA;NA;NA;NA;NA;NA;NA;NA;NA;NA;NA;NA;NA;NA;NA;NA;NA;NA;NA;NA;NA;NA;NA;NA;NA;NA;NA;NA;NA;NA;NA;NA;NA;NA;NA;NA;NA;NA;NA;NA;NA;NA;NA;NA;NA;NA;NA;NA;NA;NA;NA;NA;NA;NA;NA;NA;NA;NA;NA;NA;NA;NA;NA;NA;NA;NA;NA;NA;NA;NA;NA;NA;NA;NA;NA;NA;NA;NA;NA;NA;NA;NA;NA;NA;NA;NA;NA;NA;NA;NA;NA;NA;NA;NA;NA;NA;NA;NA;NA;NA;NA;NA;NA;NA;NA;NA;NA;NA;NA;NA;NA;NA;NA;NA;NA;NA;NA;NA;NA;NA;NA;NA;NA;NA;NA;NA;NA;NA;NA;NA;NA;NA;NA;NA;NA;NA;NA;NA;NA;NA;NA;NA;NA;NA;NA;NA;NA;NA;NA;NA;NA;NA;NA;NA;NA;NA;NA
"Эквадор";"ECU";NA;NA;"тыс. ВПО";NA;NA;NA;NA;NA;NA;NA;NA;NA;NA;NA;NA;NA;NA;NA;NA;NA;NA;NA;NA;NA;NA;NA;NA;NA;NA;NA;NA;NA;NA;NA;NA;NA;NA;NA;NA;NA;NA;NA;NA;NA;NA;NA;NA;NA;NA;NA;NA;NA;NA;NA;NA;NA;NA;NA;NA;NA;NA;NA;NA;NA;NA;NA;NA;NA;NA;NA;NA;NA;NA;NA;NA;NA;NA;NA;NA;NA;NA;NA;NA;NA;NA;NA;NA;NA;NA;NA;NA;NA;NA;NA;NA;NA;NA;NA;NA;NA;NA;NA;NA;NA;NA;NA;NA;NA;NA;NA;NA;NA;NA;NA;NA;NA;NA;NA;NA;NA;NA;NA;NA;NA;NA;NA;NA;NA;NA;NA;NA;NA;NA;NA;NA;NA;NA;NA;NA;NA;NA;NA;NA;NA;NA;NA;NA;NA;NA;NA;NA;NA;NA;NA;NA;NA;NA;NA;NA;NA;NA;NA;NA;NA;NA;NA;NA;NA;NA;NA;NA;NA;NA;NA;NA;NA;NA;NA;NA;NA;NA;NA;NA;NA;NA;NA;NA;NA;NA;NA;NA;NA;NA;NA;NA;NA;NA;NA
"Египет";"EGY";NA;NA;"тыс. ВПО";NA;NA;NA;NA;NA;NA;NA;NA;NA;NA;NA;NA;NA;NA;NA;NA;NA;NA;NA;NA;NA;NA;NA;NA;NA;NA;NA;NA;NA;NA;NA;NA;NA;NA;NA;NA;NA;NA;NA;NA;NA;NA;NA;NA;NA;NA;NA;NA;NA;NA;NA;NA;NA;NA;NA;NA;NA;NA;NA;NA;NA;NA;NA;NA;NA;NA;NA;NA;NA;NA;NA;NA;NA;NA;NA;NA;NA;NA;NA;NA;NA;NA;NA;NA;NA;NA;NA;NA;NA;NA;NA;NA;NA;NA;NA;NA;NA;NA;NA;NA;NA;NA;NA;NA;NA;NA;NA;NA;NA;NA;NA;NA;NA;NA;NA;NA;NA;NA;NA;NA;NA;NA;NA;NA;NA;NA;NA;NA;NA;NA;NA;NA;NA;NA;NA;NA;NA;NA;NA;NA;NA;NA;NA;NA;NA;NA;NA;NA;NA;NA;NA;NA;NA;NA;NA;NA;NA;NA;NA;NA;NA;NA;NA;NA;NA;NA;NA;NA;NA;NA;NA;NA;NA;NA;NA;NA;NA;NA;NA;NA;NA;NA;NA;NA;NA;NA;NA;NA;NA;NA;NA;NA;NA;NA;NA
"Португалия";"PRT";NA;"ICAO";"тыс. ВПО";1,699;1,933;2,109;2,448;2,143;1,916;1,893;1,649;1,625;1,897;2,013;1,859;1,656;1,413;1,405;1,6;1,809;1,983;1,837;1,634;1,443;1,429;1,578;1,773;1,958;1,796;1,6;1,424;1,407;1,594;1,705;1,978;1,792;1,626;1,514;1,478;1,618;1,764;2,026;1,759;1,655;1,583;1,503;1,738;1,835;2,136;1,928;1,761;1,67;1,619;1,721;1,927;2,172;1,788;1,948;1,931;1,717;1,739;1,889;2,21;2,029;1,816;1,692;1,524;1,731;1,904;2,036;1,968;1,784;1,67;1,494;1,69;1,845;2,057;2,008;1,613;1,336;1,192;1,127;1,116;1,157;0,724;0,454;0,399;0,287;0,292;0,276;0,255;0,204;0,175;0,168;0,131;0,13;0,145;0,108;0,096;0,119;0,126;0,123;0,111;0,081;0,077;0,058;0,074;0,135;0,128;0,13;0,133;0,098;0,102;0,11;0,129;0,108;0,125;0,136;0,084;0,086;0,115;0,128;0,127;0,146;0,112;0,111;0,097;0,121;0,141;0,138;0,156;0,144;0,107;0,119;0,172;0,162;0,152;0,155;0,155;0,128;0,111;0,153;0,175;0,227;0,223;0,193;0,146;0,128;0,152;0,15;0,146;0,157;0,18;0,16;0,156;0,114;0,116;0,122;0,15;0,135;0,126;0,137;0,137;0,149;0,14;0,132;0,15;0,122;0,136;0,18;0,163;0,166;0,185;0,194;0,162;0,204;0,192;0,196;0,197;0,192;0,21;0,197;0,208;0,219;0,222;0,413;0,416;0,47;0,502;0,437;0,445;0,436;0,44;0,453;0,502;0,519;0,466;0,476
"Индонезия";"IDN";"CGK";"ICAO";"тыс. ВПО";2,23;2,212;2,246;2,298;2,342;2,184;2,122;2,042;2,032;2,068;2,034;2,172;2,026;1,954;2,006;2,02;2,152;1,994;2,198;2,064;2,068;2,114;2,176;2,204;2,038;2,246;2,136;2,08;2,134;2,13;2,124;2,286;2,406;2,236;2,278;2,306;2,232;2,348;2,214;2,348;2,046;1,98;2,014;1,978;2,086;2,08;2,258;2,068;2,036;2,024;2,034;2,07;1,97;2,13;1,97;1,896;2,056;2,096;2,154;2,088;2,236;2,09;1,984;1,924;1,99;2,028;1,946;2,052;1,982;1,9;1,906;1,904;2,016;1,914;2,132;1,914;1,864;1,764;1,626;1,568;1,316;1,33;1,138;1,116;1,092;1,056;1,086;1,04;1,064;0,868;0,872;0,852;0,714;0,7;0,612;0,692;0,594;0,502;0,546;0,666;0,6;0,478;0,63;0,542;0,576;0,552;0,524;0,574;0,482;0,524;0,472;0,508;0,524;0,61;0,458;0,132;0,16;0,12;0,21;0,244;0,236;0,224;0,2;0,164;0,134;0,212;0,28;0,252;0,25;0,262;0,364;0,252;0,322;0,338;0,346;0,352;0,298;0,28;0,252;0,362;0,362;0,372;0,336;0,164;0,098;0,112;0,178;0,21;0,214;0,228;0,224;0,244;0,334;0,404;0,408;0,394;0,34;0,276;0,308;0,316;0,348;0,5;0,464;0,506;0,44;0,452;0,364;0,462;0,5;0,5;0,558;0,446;0,514;0,458;0,5;0,542;0,532;0,552;0,508;0,54;0,502;0,578;0,67;0,688;0,696;0,608;0,686;0,676;0,688;0,73;0,726;0,756;0,66;0,774;NA
"Украина";"UKR";NA;"ICAO";"тыс. ВПО";0,531;0,695;0,728;0,693;0,728;0,615;0,606;0,658;0,57;0,677;0,683;0,711;0,644;0,613;0,631;0,594;0,651;0,618;0,702;0,649;0,623;0,61;0,588;0,674;0,603;0,682;0,641;0,607;0,636;0,599;0,653;0,599;0,707;0,64;0,593;0,625;0,562;0,651;0,6;0,654;0,623;0,593;0,616;0,593;0,675;0,636;0,687;0,61;0,591;0,649;0,612;0,707;0,61;0,67;0,649;0,583;0,606;0,6;0,667;0,622;0,674;0,629;0,607;0,624;0,626;0,689;0,601;0,663;0,608;0,596;0,632;0,559;0,62;0,572;0,576;0,489;0,25;0,24;0,198;0,178;0,157;0,125;0,096;0,128;0,131;0,127;0,174;0,06;0,058;0,048;0,046;0,067;0,062;0,072;0,056;0,032;0,066;0,06;0,067;0,057;0,058;0,046;0,035;0,037;0,057;0,06;0,064;0,065;0,06;0,052;0,039;0,051;0,065;0,08;0,072;0,049;0,049;0,078;0,073;0,105;0,083;0,088;0,065;0,072;0,089;0,072;0,081;0,078;0,069;0,072;0,083;0,074;0,08;0,102;0,103;0,099;0,067;0,07;0,077;0,077;0,099;0,09;0,109;0,067;0,07;0,084;0,085;0,1;0,081;0,108;0,087;0,075;0,037;0,038;0,035;0,046;0,054;0,037;0,038;0,033;0,032;0,027;0,039;0,055;0,034;0,027;0,071;0,079;0,103;0,081;0,109;0,092;0,08;0,112;0,098;0,112;0,098;0,145;0,087;0,083;0,123;0,097;0,185;0,146;0,243;0,18;0,194;0,197;0,159;0,191;0,188;0,223;0,174;0,202;0,205
"Польша";"POL";NA;"ICAO";"тыс. ВПО";1,937;2,433;2,428;2,162;2,291;2,233;2,094;2,214;2,112;2,37;2,198;2,402;2,241;1,952;2,11;2,074;2,233;2,086;2,207;2,167;2,038;2,043;2,078;2,354;1,987;2,168;2,199;1,97;2,014;2,026;2,303;2,023;2,137;2,164;1,944;2,051;2,013;2,263;2,049;2,086;1,98;1,912;1,986;2,052;2,262;2,1;2,175;2,138;1,922;2,07;2,079;2,285;2,103;2,143;2,184;1,978;2,06;2,055;2,302;2,06;2,175;2,122;1,981;2,024;2,108;2,294;2,024;2,082;2,149;1,963;1,929;1,862;1,974;1,741;1,143;0,933;0,779;0,796;0,679;0,647;0,513;0,476;0,438;0,401;0,425;0,452;0,399;0,265;0,256;0,284;0,267;0,323;0,316;0,334;0,221;0,234;0,279;0,274;0,286;0,284;0,284;0,211;0,229;0,195;0,295;0,303;0,312;0,313;0,229;0,241;0,278;0,305;0,357;0,356;0,339;0,258;0,268;0,331;0,358;0,393;0,365;0,313;0,232;0,283;0,324;0,372;0,366;0,357;0,373;0,281;0,302;0,365;0,385;0,419;0,418;0,448;0,337;0,31;0,396;0,408;0,448;0,453;0,421;0,326;0,341;0,366;0,402;0,467;0,411;0,419;0,346;0,298;0,15;0,153;0,164;0,162;0,152;0,078;0,077;0,171;0,174;0,167;0,086;0,117;0,058;0,08;0,174;0,181;0,246;0,203;0,223;0,151;0,152;0,242;0,246;0,21;0,238;0,239;0,164;0,17;0,231;0,29;0,441;0,398;0,534;0,454;0,503;0,465;0,493;0,477;0,446;0,564;0,451;0,518;0,489
"Аргентина";"ARG";NA;NA;"тыс. ВПО";NA;NA;NA;NA;NA;NA;NA;NA;NA;NA;NA;NA;NA;NA;NA;NA;NA;NA;NA;NA;NA;NA;NA;NA;NA;NA;NA;NA;NA;NA;NA;NA;NA;NA;NA;NA;NA;NA;NA;NA;NA;NA;NA;NA;NA;NA;NA;NA;NA;NA;NA;NA;NA;NA;NA;NA;NA;NA;NA;NA;NA;NA;NA;NA;NA;NA;NA;NA;NA;NA;NA;NA;NA;NA;NA;NA;NA;NA;NA;NA;NA;NA;NA;NA;NA;NA;NA;NA;NA;NA;NA;NA;NA;NA;NA;NA;NA;NA;NA;NA;NA;NA;NA;NA;NA;NA;NA;NA;NA;NA;NA;NA;NA;NA;NA;NA;NA;NA;NA;NA;NA;NA;NA;NA;NA;NA;NA;NA;NA;NA;NA;NA;NA;NA;NA;NA;NA;NA;NA;NA;NA;NA;NA;NA;NA;NA;NA;NA;NA;NA;NA;NA;NA;NA;NA;NA;NA;NA;NA;NA;NA;NA;NA;NA;NA;NA;NA;NA;NA;NA;NA;NA;NA;NA;NA;NA;NA;NA;NA;NA;NA;NA;NA;NA;NA;NA;NA;NA;NA;NA;NA;NA;NA;NA;NA
"Филиппины";"PHL";NA;NA;"тыс. ВПО";NA;NA;NA;NA;NA;NA;NA;NA;NA;NA;NA;NA;NA;NA;NA;NA;NA;NA;NA;NA;NA;NA;NA;NA;NA;NA;NA;NA;NA;NA;NA;NA;NA;NA;NA;NA;NA;NA;NA;NA;NA;NA;NA;NA;NA;NA;NA;NA;NA;NA;NA;NA;NA;NA;NA;NA;NA;NA;NA;NA;NA;NA;NA;NA;NA;NA;NA;NA;NA;NA;NA;NA;NA;NA;NA;NA;NA;NA;NA;NA;NA;NA;NA;NA;NA;NA;NA;NA;NA;NA;NA;NA;NA;NA;NA;NA;NA;NA;NA;NA;NA;NA;NA;NA;NA;NA;NA;NA;NA;NA;NA;NA;NA;NA;NA;NA;NA;NA;NA;NA;NA;NA;NA;NA;NA;NA;NA;NA;NA;NA;NA;NA;NA;NA;NA;NA;NA;NA;NA;NA;NA;NA;NA;NA;NA;NA;NA;NA;NA;NA;NA;NA;NA;NA;NA;NA;NA;NA;NA;NA;NA;NA;NA;NA;NA;NA;NA;NA;NA;NA;NA;NA;NA;NA;NA;NA;NA;NA;NA;NA;NA;NA;NA;NA;NA;NA;NA;NA;NA;NA;NA;NA;NA;NA;NA
"Румыния";"ROU";NA;"ICAO";"тыс. ВПО";1,436;1,699;1,817;1,776;1,862;1,687;1,599;1,551;1,549;1,613;1,512;1,653;1,527;1,526;1,51;1,475;1,594;1,533;1,592;1,517;1,511;1,539;1,486;1,608;1,537;1,572;1,492;1,512;1,489;1,462;1,565;1,513;1,602;1,53;1,478;1,499;1,491;1,626;1,583;1,508;1,474;1,461;1,506;1,516;1,577;1,565;1,62;1,529;1,569;1,552;1,542;1,64;1,597;1,56;1,496;1,57;1,578;1,569;1,595;1,586;1,614;1,596;1,582;1,63;1,632;1,731;1,658;1,591;1,511;1,471;1,449;1,379;1,486;1,403;1,346;1,219;1,071;1,055;0,946;0,936;0,723;0,646;0,529;0,503;0,401;0,383;0,369;0,312;0,298;0,271;0,321;0,258;0,302;0,291;0,25;0,217;0,224;0,24;0,258;0,306;0,294;0,249;0,182;0,197;0,233;0,252;0,285;0,25;0,233;0,192;0,25;0,275;0,306;0,329;0,302;0,29;0,248;0,273;0,305;0,341;0,29;0,303;0,259;0,254;0,317;0,297;0,333;0,324;0,332;0,285;0,267;0,299;0,308;0,302;0,351;0,318;0,294;0,264;0,309;0,29;0,342;0,345;0,364;0,313;0,265;0,281;0,335;0,366;0,392;0,371;0,331;0,307;0,048;0,068;0,113;0,102;0,089;0,043;0,036;0,047;0,093;0,108;0,099;0,102;0,043;0,033;0,086;0,106;0,118;0,122;0,148;0,085;0,085;0,152;0,182;0,182;0,198;0,196;0,102;0,133;0,148;0,173;0,248;0,217;0,241;0,135;0,169;0,227;0,247;0,289;0,278;0,286;0,2;0,232;0,26
"Израиль";"ISR";NA;NA;"тыс. ВПО";NA;NA;NA;NA;NA;NA;NA;NA;NA;NA;NA;NA;NA;NA;NA;NA;NA;NA;NA;NA;NA;NA;NA;NA;NA;NA;NA;NA;NA;NA;NA;NA;NA;NA;NA;NA;NA;NA;NA;NA;NA;NA;NA;NA;NA;NA;NA;NA;NA;NA;NA;NA;NA;NA;NA;NA;NA;NA;NA;NA;0,479;0,395;0,377;0,37;0,448;0,29;0,288;0,411;0,307;0,274;0,272;0,248;0,139;0,147;0,191;0,151;0,123;0,119;0,109;0,079;0,054;0,07;0,068;0,062;0,067;0,066;0,043;0,047;0,036;0,034;0,039;0,047;0,05;0,028;0,041;0,035;0,058;0,057;0,04;0,03;0,034;0,053;0,045;0,042;0,043;0,043;0,047;0,032;0,059;0,039;0,045;0,055;0,065;0,058;0,033;0,036;0,044;0,045;0,051;0,056;0,061;0,043;0,037;0,056;0,053;0,066;0,068;0,07;0,056;0,054;0,059;0,072;0,077;0,09;0,09;0,063;0,066;0,077;0,069;0,092;0,077;0,074;0,055;0,052;0,073;0,085;0,091;0,081;0,077;0,05;0,056;0,085;0,067;0,071;0,068;0,086;0,052;0,072;0,069;0,062;0,077;0,082;0,079;0,071;0,071;0,079;0,069;0,065;0,071;0,088;0,063;0,06;0,08;0,071;0,06;0,06;0,079;0,059;0,054;0,071;0,088;0,07;0,086;0,09;0,065;0,067;0,118;0,08;0,076;0,083;0,078;0,064;0,059;0,094;0,071
"Япония";"JPN";"HND";"ICAO";"тыс. ВПО";2,6;2,578;2,584;2,596;2,602;2,55;2,544;2,542;2,554;2,552;2,532;2,552;2,556;2,522;2,52;2,522;2,536;2,526;2,552;2,538;2,548;2,54;2,522;2,526;2,512;2,592;2,472;2,54;2,53;2,494;2,478;2,558;2,572;2,526;2,552;2,54;2,558;2,554;2,542;2,546;2,528;2,57;2,516;2,484;2,54;2,498;2,48;2,474;2,498;2,48;2,506;2,516;2,46;2,48;2,5;2,486;2,452;2,46;2,448;2,468;2,448;2,39;2,466;2,388;2,298;2,336;2,3;2,278;2,168;2,146;2,158;2,042;1,958;1,866;1,876;1,828;1,792;1,816;2,024;1,972;1,862;1,996;1,772;1,688;1,806;1,81;1,878;1,89;1,91;1,878;1,852;1,798;1,746;1,74;1,742;1,742;1,676;1,61;1,42;1,352;1,216;1,128;1,092;1,106;1,078;1,056;0,928;0,82;0,754;0,78;0,67;0,658;0,612;0,586;0,614;0,61;0,606;0,614;0,598;0,588;0,558;0,57;0,518;0,524;0,53;0,506;0,564;0,538;0,558;0,516;0,554;0,56;0,532;0,556;0,552;0,548;0,526;0,562;0,548;0,542;0,536;0,556;0,54;0,54;0,534;0,528;0,556;0,534;0,544;0,548;0,532;0,58;0,624;0,632;0,628;0,65;0,702;0,682;0,694;0,658;0,66;0,664;0,7;0,78;0,732;0,778;0,866;0,924;0,918;0,988;1,06;1;1,042;1,002;0,984;0,994;0,992;1,05;1,018;1,062;1,006;1,042;1,308;1,3;1,358;1,31;1,318;1,282;1,282;1,312;1,304;1,386;1,332;1,362;NA
"Австрия";"AUT";NA;"ICAO";"тыс. ВПО";2,413;3,132;3,19;3,315;3,315;3,087;2,839;2,898;2,992;3,233;3,068;3,211;2,901;2,607;2,778;2,865;3,168;2,942;3,025;3,036;2,683;2,976;2,963;3,319;2,946;3,01;2,966;2,556;2,742;2,798;3,136;3,019;2,936;2,875;2,545;2,735;2,963;3,292;3,128;2,901;2,597;2,642;2,899;3,018;3,358;3,29;3,12;3,135;2,929;2,996;3,176;3,404;3,345;3,22;3,14;2,893;2,981;3,032;3,342;3,317;3,207;3,137;2,838;3,022;3,112;3,364;3,21;3,093;2,86;2,451;2,46;2,527;2,742;2,473;2,336;1,992;1,504;1,473;1,2;1,269;0,92;0,828;0,66;0,568;0,489;0,452;0,429;0,347;0,327;0,358;0,384;0,386;0,38;0,368;0,273;0,263;0,271;0,279;0,354;0,349;0,31;0,241;0,254;0,252;0,296;0,353;0,328;0,334;0,218;0,248;0,317;0,326;0,37;0,394;0,387;0,294;0,312;0,346;0,394;0,421;0,418;0,363;0,294;0,303;0,374;0,354;0,412;0,442;0,425;0,327;0,339;0,385;0,412;0,431;0,443;0,469;0,349;0,386;0,429;0,42;0,517;0,485;0,443;0,368;0,38;0,418;0,456;0,563;0,523;0,5;0,42;0,402;0,075;0,13;0,15;0,154;0,11;0,123;0,1;0,112;0,137;0,16;0,137;0,154;0,12;0,12;0,227;0,24;0,258;0,286;0,291;0,183;0,223;0,248;0,249;0,31;0,284;0,276;0,199;0,237;0,25;0,307;0,472;0,445;0,469;0,371;0,418;0,444;0,406;0,462;0,438;0,488;0,363;0,441;0,442
"Ирак";"IRQ";NA;NA;"тыс. ВПО";NA;NA;NA;NA;NA;NA;NA;NA;NA;NA;NA;NA;NA;NA;NA;NA;NA;NA;NA;NA;NA;NA;NA;NA;NA;NA;NA;NA;NA;NA;NA;NA;NA;NA;NA;NA;NA;NA;NA;NA;NA;NA;NA;NA;NA;NA;NA;NA;NA;NA;NA;NA;NA;NA;NA;NA;NA;NA;NA;NA;NA;NA;NA;NA;NA;NA;NA;NA;NA;NA;NA;NA;NA;NA;NA;NA;NA;NA;NA;NA;NA;NA;NA;NA;NA;NA;NA;NA;NA;NA;NA;NA;NA;NA;NA;NA;NA;NA;NA;NA;NA;NA;NA;NA;NA;NA;NA;NA;NA;NA;NA;NA;NA;NA;NA;NA;NA;NA;NA;NA;NA;NA;NA;NA;NA;NA;NA;NA;NA;NA;NA;NA;NA;NA;NA;NA;NA;NA;NA;NA;NA;NA;NA;NA;NA;NA;NA;NA;NA;NA;NA;NA;NA;NA;NA;NA;NA;NA;NA;NA;NA;NA;NA;NA;NA;NA;NA;NA;NA;NA;NA;NA;NA;NA;NA;NA;NA;NA;NA;NA;NA;NA;NA;NA;NA;NA;NA;NA;NA;NA;NA;NA;NA;NA;NA
"Армения";"ARM";NA;"ICAO";"тыс. ВПО";0,186;0,196;0,191;0,192;0,181;0,177;0,202;0,19;0,163;0,161;0,153;0,164;0,141;0,181;0,176;0,155;0,153;0,162;0,149;0,151;0,167;0,163;0,172;0,155;0,17;0,166;0,144;0,163;0,163;0,136;0,164;0,137;0,149;0,153;0,146;0,14;0,156;0,16;0,159;0,153;0,138;0,157;0,146;0,141;0,154;0,162;0,145;0,145;0,151;0,14;0,149;0,163;0,188;0,148;0,146;0,149;0,149;0,164;0,191;0,149;0,15;0,134;0,144;0,178;0,168;0,16;0,172;0,161;0,172;0,158;0,165;0,132;0,145;0,172;0,147;0,139;0,133;0,12;0,104;0,093;0,068;0,071;0,061;0,064;0,048;0,038;0,034;0,036;0,036;0,033;0,017;0,02;0,023;0,019;0,027;0,026;0,028;0,032;0,021;0,018;0,023;0,014;0,02;0,021;0,017;0,029;0,03;0,03;0,017;0,022;0,021;0,026;0,036;0,039;0,02;0,021;0,02;0,026;0,022;0,027;0,03;0,02;0,029;0,021;0,016;0,02;0,025;0,025;0,02;0,024;0,017;0,018;0,026;0,025;0,024;0,028;0,016;0,022;0,018;0,017;0,022;0,025;0,041;0,027;0,035;0,032;0,02;0,025;0,03;0,033;0,024;0,036;0,004;0,013;0,004;0,019;0,011;0,004;0,009;0,01;0,007;0,008;0,007;0,006;0,012;0,011;0,009;0,01;0,007;0,017;0,014;0,015;0,005;0,007;0,024;0,018;0,01;0,013;0,007;0,01;0,007;0,012;0,011;0,006;0,014;0,005;0,007;0,004;0,008;0,008;0,011;0,01;0,008;0,006;0,006
"Нигерия";"NGA";NA;NA;"тыс. ВПО";NA;NA;NA;NA;NA;NA;NA;NA;NA;NA;NA;NA;NA;NA;NA;NA;NA;NA;NA;NA;NA;NA;NA;NA;NA;NA;NA;NA;NA;NA;NA;NA;NA;NA;NA;NA;NA;NA;NA;NA;NA;NA;NA;NA;NA;NA;NA;NA;NA;NA;NA;NA;NA;NA;NA;NA;NA;NA;NA;NA;NA;NA;NA;NA;NA;NA;NA;NA;NA;NA;NA;NA;NA;NA;NA;NA;NA;NA;NA;NA;NA;NA;NA;NA;NA;NA;NA;NA;NA;NA;NA;NA;NA;NA;NA;NA;NA;NA;NA;NA;NA;NA;NA;NA;NA;NA;NA;NA;NA;NA;NA;NA;NA;NA;NA;NA;NA;NA;NA;NA;NA;NA;NA;NA;NA;NA;NA;NA;NA;NA;NA;NA;NA;NA;NA;NA;NA;NA;NA;NA;NA;NA;NA;NA;NA;NA;NA;NA;NA;NA;NA;NA;NA;NA;NA;NA;NA;NA;NA;NA;NA;NA;NA;NA;NA;NA;NA;NA;NA;NA;NA;NA;NA;NA;NA;NA;NA;NA;NA;NA;NA;NA;NA;NA;NA;NA;NA;NA;NA;NA;NA;NA;NA;NA;NA
"Казахстан";"KAZ";NA;NA;"тыс. ВПО";NA;NA;NA;NA;NA;NA;NA;NA;NA;NA;NA;NA;NA;NA;NA;NA;NA;NA;NA;NA;NA;NA;NA;NA;NA;NA;NA;NA;NA;NA;NA;NA;NA;NA;NA;NA;NA;NA;NA;NA;NA;NA;NA;NA;NA;NA;NA;NA;NA;NA;NA;NA;NA;NA;NA;NA;NA;NA;NA;NA;NA;NA;NA;NA;NA;NA;NA;NA;NA;NA;NA;NA;NA;NA;NA;NA;NA;NA;NA;NA;NA;NA;NA;NA;NA;NA;NA;NA;NA;NA;NA;NA;NA;NA;NA;NA;NA;NA;NA;NA;NA;NA;NA;NA;NA;NA;NA;NA;NA;NA;NA;NA;NA;NA;NA;NA;NA;NA;NA;NA;NA;NA;NA;NA;NA;NA;NA;NA;NA;NA;NA;NA;NA;NA;NA;NA;NA;NA;NA;NA;NA;NA;NA;NA;NA;NA;NA;NA;NA;NA;NA;NA;NA;NA;NA;NA;NA;NA;NA;NA;NA;NA;NA;NA;NA;NA;NA;NA;NA;NA;NA;NA;NA;NA;NA;NA;NA;NA;NA;NA;NA;NA;NA;NA;NA;NA;NA;NA;NA;NA;NA;NA;NA;NA;NA
"Южная Корея";"KOR";"ICN";"ICAO";"тыс. ВПО";2,158;2,188;2,248;2,262;2,186;2,14;2,242;2,244;2,282;2,294;2,25;2,156;2,14;2,216;2,254;2,264;2,324;2,304;2,248;2,204;2,218;2,296;2,35;2,292;2,214;2,23;2,124;2,148;2,194;2,228;2,206;2,18;2,15;2,016;2,016;2,038;2,028;2,01;1,994;1,97;1,804;1,804;1,852;1,796;1,818;1,796;1,802;1,64;1,626;1,664;1,658;1,658;1,658;1,57;1,476;1,438;1,512;1,458;1,506;1,424;1,224;1,054;0,984;1,016;0,894;0,874;0,848;0,792;0,556;0,564;0,554;0,528;0,56;0,548;0,506;0,468;0,464;0,462;0,496;0,486;0,472;0,454;0,418;0,43;0,418;0,438;0,452;0,438;0,352;0,332;0,39;0,432;0,428;0,452;0,384;0,402;0,33;0,438;0,46;0,462;0,454;0,44;0,42;0,362;0,472;0,542;0,484;0,514;0,508;0,444;0,412;0,514;0,584;0,588;0,468;0,538;0,492;0,45;0,478;0,48;0,478;0,46;0,452;0,464;0,386;0,48;0,488;0,568;0,546;0,51;0,534;0,44;0,61;0,598;0,606;0,576;0,576;0,528;0,466;0,588;0,62;0,628;0,628;0,572;0,498;0,44;0,59;0,594;0,614;0,61;0,576;0,474;0,442;0,5;0,602;0,568;0,6;0,586;0,484;0,488;0,532;0,606;0,566;0,58;0,546;0,45;0,48;0,57;0,588;0,574;0,594;0,608;0,458;0,438;0,51;0,64;0,588;0,54;0,546;0,408;0,464;0,492;0,584;0,59;0,588;0,574;0,43;0,432;0,488;0,606;0,552;0,616;0,574;0,462;NA
"Алжир";"DZA";NA;NA;"тыс. ВПО";NA;NA;NA;NA;NA;NA;NA;NA;NA;NA;NA;NA;NA;NA;NA;NA;NA;NA;NA;NA;NA;NA;NA;NA;NA;NA;NA;NA;NA;NA;NA;NA;NA;NA;NA;NA;NA;NA;NA;NA;NA;NA;NA;NA;NA;NA;NA;NA;NA;NA;NA;NA;NA;NA;NA;NA;NA;NA;NA;NA;NA;NA;NA;NA;NA;NA;NA;NA;NA;NA;NA;NA;NA;NA;NA;NA;NA;NA;NA;NA;NA;NA;NA;NA;NA;NA;NA;NA;NA;NA;NA;NA;NA;NA;NA;NA;NA;NA;NA;NA;NA;NA;NA;NA;NA;NA;NA;NA;NA;NA;NA;NA;NA;NA;NA;NA;NA;NA;NA;NA;NA;NA;NA;NA;NA;NA;NA;NA;NA;NA;NA;NA;NA;NA;NA;NA;NA;NA;NA;NA;NA;NA;NA;NA;NA;NA;NA;NA;NA;NA;NA;NA;NA;NA;NA;NA;NA;NA;NA;NA;NA;NA;NA;NA;NA;NA;NA;NA;NA;NA;NA;NA;NA;NA;NA;NA;NA;NA;NA;NA;NA;NA;NA;NA;NA;NA;NA;NA;NA;NA;NA;NA;NA;NA;NA
"Гана";"GHA";NA;NA;"тыс. ВПО";NA;NA;NA;NA;NA;NA;NA;NA;NA;NA;NA;NA;NA;NA;NA;NA;NA;NA;NA;NA;NA;NA;NA;NA;NA;NA;NA;NA;NA;NA;NA;NA;NA;NA;NA;NA;NA;NA;NA;NA;NA;NA;NA;NA;NA;NA;NA;NA;NA;NA;NA;NA;NA;NA;NA;NA;NA;NA;NA;NA;NA;NA;NA;NA;NA;NA;NA;NA;NA;NA;NA;NA;NA;NA;NA;NA;NA;NA;NA;NA;NA;NA;NA;NA;NA;NA;NA;NA;NA;NA;NA;NA;NA;NA;NA;NA;NA;NA;NA;NA;NA;NA;NA;NA;NA;NA;NA;NA;NA;NA;NA;NA;NA;NA;NA;NA;NA;NA;NA;NA;NA;NA;NA;NA;NA;NA;NA;NA;NA;NA;NA;NA;NA;NA;NA;NA;NA;NA;NA;NA;NA;NA;NA;NA;NA;NA;NA;NA;NA;NA;NA;NA;NA;NA;NA;NA;NA;NA;NA;NA;NA;NA;NA;NA;NA;NA;NA;NA;NA;NA;NA;NA;NA;NA;NA;NA;NA;NA;NA;NA;NA;NA;NA;NA;NA;NA;NA;NA;NA;NA;NA;NA;NA;NA;NA
"Чехия";"CZE";NA;"ICAO";"тыс. ВПО";1,643;2,192;2,166;1,945;2,046;2,048;1,744;1,791;1,85;2,009;1,702;1,955;1,878;1,609;1,763;1,832;1,992;1,676;1,827;1,809;1,616;1,675;1,806;1,962;1,584;1,826;1,858;1,614;1,698;1,721;1,933;1,634;1,809;1,816;1,635;1,661;1,769;1,964;1,734;1,694;1,604;1,636;1,71;1,815;2,046;1,765;1,797;1,857;1,685;1,797;1,865;1,978;1,846;1,882;1,979;1,771;1,808;1,727;1,917;1,687;1,822;1,884;1,656;1,806;1,8;1,983;1,704;1,784;1,82;1,565;1,535;1,584;1,686;1,417;1,255;1,138;0,91;0,88;0,814;0,76;0,573;0,516;0,489;0,411;0,367;0,36;0,36;0,271;0,251;0,279;0,271;0,262;0,327;0,304;0,223;0,23;0,265;0,259;0,274;0,288;0,272;0,218;0,178;0,178;0,231;0,27;0,255;0,258;0,184;0,187;0,281;0,275;0,29;0,257;0,293;0,217;0,246;0,29;0,299;0,298;0,279;0,296;0,199;0,223;0,303;0,322;0,341;0,326;0,303;0,235;0,264;0,277;0,301;0,313;0,331;0,363;0,265;0,285;0,321;0,317;0,356;0,365;0,353;0,275;0,295;0,329;0,341;0,354;0,403;0,397;0,309;0,268;0,081;0,073;0,083;0,095;0,08;0,047;0,053;0,086;0,076;0,067;0,098;0,115;0,047;0,052;0,119;0,111;0,113;0,114;0,116;0,048;0,095;0,137;0,134;0,132;0,136;0,139;0,088;0,124;0,135;0,134;0,186;0,216;0,188;0,128;0,177;0,179;0,173;0,197;0,23;0,203;0,128;0,196;0,209
"Марокко";"MAR";NA;NA;"тыс. ВПО";NA;NA;NA;NA;NA;NA;NA;NA;NA;NA;NA;NA;NA;NA;NA;NA;NA;NA;NA;NA;NA;NA;NA;NA;NA;NA;NA;NA;NA;NA;NA;NA;NA;NA;NA;NA;NA;NA;NA;NA;NA;NA;NA;NA;NA;NA;NA;NA;NA;NA;NA;NA;NA;NA;NA;NA;NA;NA;NA;NA;NA;NA;NA;NA;NA;NA;NA;NA;NA;NA;NA;NA;NA;NA;NA;NA;NA;NA;NA;NA;NA;NA;NA;NA;NA;NA;NA;NA;NA;NA;NA;NA;NA;NA;NA;NA;NA;NA;NA;NA;NA;NA;NA;NA;NA;NA;NA;NA;NA;NA;NA;NA;NA;NA;NA;NA;NA;NA;NA;NA;NA;NA;NA;NA;NA;NA;NA;NA;NA;NA;NA;NA;NA;NA;NA;NA;NA;NA;NA;NA;NA;NA;NA;NA;NA;NA;NA;NA;NA;NA;NA;NA;NA;NA;NA;NA;NA;NA;NA;NA;NA;NA;NA;NA;NA;NA;NA;NA;NA;NA;NA;NA;NA;NA;NA;NA;NA;NA;NA;NA;NA;NA;NA;NA;NA;NA;NA;NA;NA;NA;NA;NA;NA;NA;NA
"Малайзия";"MYS";"KUL";"ICAO";"тыс. ВПО";2,204;2,234;2,25;2,22;2,264;2,182;2,094;2,174;2,188;2,186;2,154;2,142;2,12;2,082;2,178;2,178;2,23;2,178;2,218;2,194;2,208;2,268;2,252;2,298;2,16;2,246;2,252;2,216;2,262;2,218;2,202;2,142;2,206;2,158;2,088;2,114;2,128;2,15;2,018;2,092;2,088;1,974;2,014;2,034;2,056;2,004;2,07;1,996;1,892;1,94;1,954;1,966;1,91;1,982;1,906;1,788;1,852;1,87;1,91;1,802;1,894;1,788;1,614;1,654;1,658;1,782;1,656;1,714;1,656;1,482;1,594;1,608;1,688;1,558;1,604;1,522;1,306;1,114;0,64;0,412;0,366;0,318;0,25;0,216;0,22;0,208;0,216;0,186;0,144;0,13;0,142;0,15;0,172;0,206;0,18;0,17;0,13;0,168;0,162;0,202;0,18;0,164;0,128;0,076;0,104;0,124;0,14;0,142;0,116;0,098;0,082;0,098;0,128;0,164;0,132;0,126;0,12;0,108;0,132;0,174;0,164;0,154;0,116;0,1;0,058;0,104;0,144;0,144;0,174;0,142;0,166;0,136;0,13;0,17;0,182;0,192;0,168;0,174;0,126;0,16;0,27;0,28;0,246;0,212;0,144;0,128;0,15;0,166;0,178;0,198;0,17;0,156;0,14;0,142;0,168;0,188;0,202;0,184;0,166;0,114;0,136;0,172;0,206;0,256;0,192;0,19;0,148;0,15;0,17;0,208;0,24;0,224;0,232;0,162;0,178;0,21;0,25;0,258;0,228;0,244;0,172;0,206;0,352;0,354;0,382;0,332;0,356;0,296;0,3;0,348;0,38;0,366;0,35;0,342;NA
